Species,Jan_W1,Jan_W2,Jan_W3,Jan_W4,Feb_W1,Feb_W2,Feb_W3,Feb_W4,Mar_W1,Mar_W2,Mar_W3,Mar_W4,Apr_W1,Apr_W2,Apr_W3,Apr_W4,May_W1,May_W2,May_W3,May_W4,Jun_W1,Jun_W2,Jun_W3,Jun_W4,Jul_W1,Jul_W2,Jul_W3,Jul_W4,Aug_W1,Aug_W2,Aug_W3,Aug_W4,Sep_W1,Sep_W2,Sep_W3,Sep_W4,Oct_W1,Oct_W2,Oct_W3,Oct_W4,Nov_W1,Nov_W2,Nov_W3,Nov_W4,Dec_W1,Dec_W2,Dec_W3,Dec_W4
Snow Goose,0.0,0.0,0.0,0.0,0.0,0.0,0.0,0.0,0.0,0.0833333,0.0,0.0,0.0196078,0.0,0.0,0.0,0.0,0.0,0.0,0.0013532,0.0,0.0,0.0,0.0,0.0,0.0,0.0,0.0,0.0,0.0,0.0,0.0,0.0,0.0,0.0,0.0,0.0,0.0,0.0,0.027027,0.0,0.0,0.0,0.0,0.0,0.0,0.0,0.0
Ross's Goose,0.0,0.0,0.0,0.0,0.0,0.0,0.0,0.0,0.0,0.0833333,0.0,0.0,0.0,0.0,0.0,0.0,0.0,0.0,0.0,0.0027064,0.0,0.0,0.0,0.0,0.0,0.0,0.0,0.0,0.0,0.0,0.0,0.0,0.0,0.0,0.0,0.0,0.0,0.0,0.0,0.0,0.0,0.0,0.0,0.0,0.0,0.0,0.0,0.0
Greater White-fronted Goose,0.0,0.0,0.0,0.0,0.0,0.0,0.0,0.0,0.0,0.0416667,0.0,0.0,0.0,0.0,0.0,0.0,0.0,0.0,0.0,0.0015,0.0,0.0,0.0,0.0,0.0,0.0,0.0,0.0,0.0,0.0,0.0,0.0,0.0,0.0,0.0,0.0,0.0015,0.0,0.011236,0.0,0.0,0.0,0.0,0.0,0.0,0.0,0.0,0.0
Canada Goose,0.0,0.0416667,0.05,0.0232558,0.0,0.0,0.0,0.0,0.12,0.1666667,0.2857143,0.2857143,0.4705882,0.4366197,0.4228571,0.4517544,0.4656863,0.4067164,0.5680581,0.608931,0.5465995,0.5288462,0.5221239,0.4131944,0.4246154,0.5149502,0.4960317,0.5566265,0.5307918,0.5769231,0.5778689,0.5220339,0.5766129,0.5837321,0.6111111,0.6621622,0.6105263,0.5746269,0.4494382,0.2162162,0.1458333,0.1538462,0.0588235,0.0588235,0.0357143,0.05,0.0,0.0384615
Mute Swan,0.0,0.0,0.05,0.0232558,0.0,0.0,0.0,0.0015,0.0015,0.0,0.0,0.0,0.0,0.0015,0.0,0.0015,0.004902,0.0074627,0.0036298,0.0054127,0.0151134,0.0038462,0.0117994,0.0069444,0.0092308,0.0033223,0.015873,0.0048193,0.0058651,0.0104895,0.0081967,0.0033898,0.0080645,0.0287081,0.0015,0.009009,0.0052632,0.0074627,0.0224719,0.0135135,0.0208333,0.0,0.0,0.0,0.0,0.0,0.0,0.0
Trumpeter Swan,0.0638298,0.1666667,0.15,0.2790698,0.2121212,0.1333333,0.0941176,0.0740741,0.04,0.0833333,0.1428571,0.1111111,0.1764706,0.2676056,0.1657143,0.245614,0.2647059,0.25,0.4500907,0.4303112,0.3677582,0.3673077,0.4778761,0.3819444,0.4215385,0.5116279,0.4563492,0.5253012,0.5278592,0.5034965,0.5778689,0.5355932,0.5645161,0.5980861,0.6049383,0.5810811,0.5947368,0.5895522,0.4382022,0.2972973,0.1666667,0.1282051,0.1176471,0.0392157,0.1071429,0.0,0.0666667,0.0576923
Tundra Swan,0.0,0.0,0.0,0.0,0.0,0.0,0.0,0.0,0.0,0.0,0.0285714,0.015873,0.0,0.0,0.0,0.0131579,0.0098039,0.0074627,0.0072595,0.0081191,0.0015,0.0,0.0,0.0,0.0,0.0015,0.0,0.0,0.0,0.0,0.0,0.0033898,0.0080645,0.0047847,0.0061728,0.0045045,0.0105263,0.0298507,0.011236,0.0,0.0416667,0.0,0.0,0.0015,0.0,0.0,0.0,0.0015
Wood Duck,0.0,0.0,0.0,0.0,0.0,0.0,0.0,0.0,0.0,0.0,0.0285714,0.015873,0.0,0.1126761,0.1942857,0.1096491,0.0784314,0.0671642,0.1016334,0.165088,0.2065491,0.2384615,0.3746313,0.2465278,0.32,0.2458472,0.1785714,0.2698795,0.340176,0.3811189,0.4918033,0.4915254,0.5040323,0.6076555,0.6111111,0.5720721,0.5,0.4253731,0.1685393,0.027027,0.0,0.0,0.0015,0.0,0.0357143,0.0,0.0,0.0
Blue-winged Teal,0.0,0.0,0.0,0.0,0.0,0.0,0.0,0.0,0.0,0.0,0.0,0.0,0.0196078,0.084507,0.1314286,0.0964912,0.1127451,0.0746269,0.1324864,0.1163735,0.0982368,0.075,0.0855457,0.0399306,0.0430769,0.0398671,0.0436508,0.0289157,0.0703812,0.1048951,0.1434426,0.1118644,0.1129032,0.138756,0.154321,0.0945946,0.1052632,0.0895522,0.011236,0.0135135,0.0,0.0,0.0,0.0,0.0,0.0,0.0,0.0
Northern Shoveler,0.0,0.0,0.0,0.0,0.0,0.0,0.0,0.0,0.0,0.0,0.0,0.0,0.0,0.028169,0.0,0.0219298,0.0245098,0.011194,0.0272232,0.0135318,0.0025189,0.0153846,0.0029499,0.0017361,0.0015,0.0015,0.0,0.0024096,0.0,0.0104895,0.0040984,0.0067797,0.0080645,0.0,0.0061728,0.0045045,0.0263158,0.0074627,0.011236,0.0135135,0.0,0.0,0.0015,0.0,0.0,0.0,0.0,0.0
Gadwall,0.0,0.0,0.0,0.0,0.0,0.0,0.0,0.0,0.0,0.0416667,0.0,0.0,0.0196078,0.028169,0.0057143,0.0,0.0147059,0.0223881,0.0199637,0.0081191,0.0050378,0.0307692,0.0088496,0.0069444,0.0061538,0.0166113,0.0,0.0096386,0.0087977,0.013986,0.0040984,0.0101695,0.0241935,0.0143541,0.0740741,0.0315315,0.0526316,0.0597015,0.0224719,0.027027,0.0208333,0.025641,0.0,0.0,0.0,0.0,0.0,0.0
Eurasian Wigeon,0.0,0.0,0.0,0.0,0.0,0.0,0.0,0.0,0.0,0.0,0.0,0.0,0.0,0.0,0.0,0.0,0.0,0.0,0.0072595,0.0,0.0,0.0,0.0,0.0,0.0,0.0,0.0,0.0,0.0,0.0,0.0,0.0,0.0,0.0,0.0,0.0,0.0,0.0,0.0,0.0,0.0,0.0,0.0,0.0,0.0,0.0,0.0,0.0
American Wigeon,0.0,0.0,0.0,0.0,0.0,0.0,0.0,0.0,0.0,0.0015,0.0,0.0015,0.0392157,0.028169,0.0114286,0.0394737,0.0245098,0.0074627,0.0199637,0.0067659,0.0176322,0.0115385,0.0029499,0.0086806,0.0061538,0.0033223,0.0039683,0.0,0.0,0.006993,0.0081967,0.0237288,0.0483871,0.0813397,0.0555556,0.0630631,0.1578947,0.119403,0.0898876,0.0675676,0.0,0.0,0.0,0.0,0.0,0.0,0.0015,0.0
Mallard,0.1276596,0.125,0.1,0.3255814,0.2424242,0.1111111,0.0470588,0.1481481,0.08,0.2083333,0.2,0.3174603,0.3529412,0.4647887,0.4457143,0.4078947,0.4362745,0.3320896,0.46098,0.3924222,0.3098237,0.3596154,0.280236,0.1927083,0.2707692,0.2126246,0.2063492,0.2506024,0.2756598,0.2832168,0.3934426,0.3423729,0.4233871,0.4880383,0.4506173,0.4504505,0.4894737,0.5223881,0.3370787,0.2432432,0.2083333,0.3076923,0.1176471,0.1176471,0.1428571,0.2,0.1333333,0.0961538
American Black Duck,0.0212766,0.0416667,0.0,0.1395349,0.030303,0.0444444,0.0117647,0.0015,0.04,0.0833333,0.0,0.047619,0.0588235,0.0704225,0.0285714,0.0131579,0.0147059,0.011194,0.0272232,0.0216509,0.0151134,0.0326923,0.0471976,0.03125,0.0523077,0.0730897,0.0674603,0.0698795,0.0821114,0.0944056,0.0860656,0.0711864,0.0766129,0.138756,0.0864198,0.0765766,0.0947368,0.0970149,0.0674157,0.0540541,0.0416667,0.025641,0.0,0.0196078,0.0357143,0.0,0.0666667,0.0
Northern Pintail,0.0,0.0,0.0,0.0,0.0,0.0,0.0,0.0,0.0,0.0,0.0,0.0,0.0,0.028169,0.0,0.004386,0.004902,0.0074627,0.0036298,0.0013532,0.0,0.0015,0.0,0.0,0.0,0.0033223,0.0,0.0,0.0029326,0.0,0.0040984,0.0,0.0080645,0.0095694,0.0246914,0.0135135,0.0105263,0.0074627,0.0224719,0.0,0.0,0.0,0.0,0.0,0.0,0.0,0.0,0.0
Green-winged Teal,0.0,0.0,0.0,0.0,0.0,0.0,0.0,0.0,0.0,0.0416667,0.0,0.015873,0.0588235,0.028169,0.0285714,0.0833333,0.0490196,0.0186567,0.0381125,0.0433018,0.0201511,0.0134615,0.0147493,0.0086806,0.0153846,0.013289,0.0,0.0072289,0.0087977,0.0314685,0.0163934,0.0440678,0.0322581,0.0574163,0.0802469,0.0540541,0.0631579,0.0671642,0.0561798,0.0540541,0.0,0.0,0.0,0.0,0.0,0.0,0.0666667,0.0
Canvasback,0.0,0.0,0.0,0.0,0.0,0.0,0.0,0.0,0.0,0.0,0.0,0.0,0.0392157,0.0,0.0,0.0,0.0,0.0037313,0.0072595,0.0013532,0.0,0.0,0.0,0.0,0.0030769,0.0015,0.0,0.0,0.0,0.0,0.0,0.0,0.0,0.0,0.0,0.0,0.0,0.0149254,0.0,0.027027,0.0,0.0,0.0015,0.0,0.0,0.0,0.0,0.0
Redhead,0.0,0.0,0.0,0.0,0.0,0.0,0.0,0.0,0.0,0.0,0.0,0.015873,0.0392157,0.0,0.0015,0.0087719,0.0098039,0.0074627,0.0036298,0.0040595,0.0015,0.0019231,0.0058997,0.0017361,0.0,0.0,0.0,0.0289157,0.0087977,0.006993,0.0040984,0.0067797,0.0201613,0.0478469,0.0123457,0.0495495,0.0842105,0.0895522,0.0449438,0.027027,0.0208333,0.025641,0.0015,0.0,0.0,0.0,0.0,0.0
Ring-necked Duck,0.0,0.0,0.0,0.0,0.0,0.0,0.0,0.0,0.0,0.0,0.0285714,0.047619,0.1960784,0.1690141,0.2057143,0.2280702,0.2892157,0.2201493,0.3466425,0.3342355,0.3400504,0.2846154,0.3156342,0.21875,0.2153846,0.3023256,0.1547619,0.1879518,0.170088,0.1083916,0.1352459,0.1254237,0.1290323,0.215311,0.2283951,0.3243243,0.3789474,0.3955224,0.2359551,0.0540541,0.0416667,0.025641,0.0,0.0,0.0,0.0,0.0,0.0
Greater Scaup,0.0,0.0,0.0,0.0,0.0,0.0,0.0,0.0,0.0,0.0,0.0,0.015873,0.0588235,0.0,0.0114286,0.0307018,0.0196078,0.011194,0.0036298,0.0081191,0.0025189,0.0,0.0,0.0,0.0,0.0033223,0.0,0.0,0.0,0.0,0.0,0.0,0.0,0.0095694,0.0061728,0.018018,0.0263158,0.0223881,0.011236,0.0135135,0.0,0.0,0.0,0.0,0.0,0.05,0.0,0.0
Lesser Scaup,0.0,0.0,0.0,0.0,0.0,0.0,0.0,0.0,0.04,0.0,0.0,0.015873,0.0392157,0.028169,0.0114286,0.0438596,0.0441176,0.0074627,0.0235935,0.0189445,0.0201511,0.0192308,0.0088496,0.0138889,0.0092308,0.0099668,0.0039683,0.0024096,0.0058651,0.0174825,0.0327869,0.0305085,0.0241935,0.062201,0.0308642,0.036036,0.0894737,0.0895522,0.011236,0.0135135,0.0,0.0,0.0,0.0,0.0,0.0,0.0,0.0
Surf Scoter,0.0,0.0,0.0,0.0,0.0,0.0,0.0,0.0,0.0,0.0,0.0,0.0,0.0,0.0,0.0,0.0,0.0,0.0,0.0,0.0,0.0,0.0,0.0,0.0,0.0,0.0,0.0,0.0,0.0,0.0,0.0,0.0,0.0,0.0,0.0,0.0135135,0.0,0.0,0.011236,0.0,0.0,0.0,0.0,0.0,0.0,0.0,0.0,0.0
White-winged Scoter,0.0,0.0,0.0,0.0,0.0,0.0,0.0,0.0015,0.0,0.0,0.0,0.0,0.0,0.0,0.0,0.0175439,0.004902,0.0015,0.0072595,0.0094723,0.0,0.0,0.0,0.0,0.0,0.0,0.0,0.0,0.0,0.0,0.0,0.0,0.0,0.0,0.0061728,0.009009,0.0,0.0149254,0.0449438,0.027027,0.0,0.0512821,0.0,0.0,0.0,0.0,0.0,0.0
Black Scoter,0.0,0.0,0.0,0.0,0.0,0.0,0.0,0.0,0.0,0.0,0.0,0.0,0.0,0.0,0.0,0.0,0.0,0.0,0.0,0.0,0.0,0.0,0.0,0.0,0.0,0.0,0.0,0.0,0.0,0.0,0.0,0.0,0.0,0.0,0.0,0.0,0.0,0.0,0.011236,0.027027,0.0,0.0,0.0,0.0,0.0,0.0,0.0,0.0
Long-tailed Duck,0.0,0.0,0.0,0.0465116,0.0,0.0,0.0,0.0,0.0,0.0,0.0,0.0,0.0,0.0,0.0057143,0.004386,0.0098039,0.0,0.0018149,0.0040595,0.0,0.0057692,0.0029499,0.0052083,0.0,0.0033223,0.0039683,0.0024096,0.0,0.0,0.0,0.0,0.0,0.0,0.0,0.0,0.0,0.0074627,0.0449438,0.0675676,0.0416667,0.025641,0.0,0.0196078,0.0,0.0,0.0,0.0192308
Bufflehead,0.0638298,0.125,0.05,0.0930233,0.0606061,0.0,0.0,0.0740741,0.0015,0.0015,0.0285714,0.1587302,0.2745098,0.3239437,0.4114286,0.3947368,0.2009804,0.0671642,0.0508167,0.0040595,0.0025189,0.0015,0.0029499,0.0,0.0030769,0.0,0.0,0.0,0.0,0.0,0.0040984,0.0,0.0040323,0.0047847,0.0,0.0,0.0052632,0.0223881,0.0224719,0.0945946,0.1458333,0.1025641,0.1176471,0.1176471,0.1071429,0.0,0.0,0.0192308
Common Goldeneye,0.1489362,0.1666667,0.15,0.4883721,0.3333333,0.1555556,0.1058824,0.1481481,0.16,0.125,0.0571429,0.1587302,0.1764706,0.1267606,0.0914286,0.1052632,0.0980392,0.0335821,0.0108893,0.0067659,0.0050378,0.0038462,0.0058997,0.0034722,0.0092308,0.0033223,0.0,0.0048193,0.0,0.0034965,0.0040984,0.0067797,0.0,0.0,0.0061728,0.0,0.0263158,0.0149254,0.011236,0.0675676,0.0625,0.025641,0.1176471,0.3137255,0.0714286,0.2,0.1333333,0.1538462
Barrow's Goldeneye,0.0,0.0,0.0,0.1162791,0.0909091,0.0888889,0.0352941,0.037037,0.0,0.0,0.0,0.0,0.0,0.0,0.0,0.0,0.0,0.0,0.0,0.0,0.0,0.0,0.0,0.0,0.0,0.0,0.0,0.0,0.0,0.0,0.0,0.0,0.0,0.0,0.0,0.0,0.0,0.0,0.0,0.0,0.0,0.0,0.0,0.0,0.0,0.0,0.0,0.0
Hooded Merganser,0.0,0.0,0.0,0.0,0.0,0.0,0.0,0.0,0.0,0.0,0.0571429,0.1428571,0.2156863,0.2253521,0.1942857,0.1666667,0.1960784,0.0746269,0.1016334,0.0703654,0.1032746,0.0442308,0.079646,0.0503472,0.0553846,0.0697674,0.0634921,0.0385542,0.0469208,0.0629371,0.0614754,0.0745763,0.0967742,0.0956938,0.0679012,0.036036,0.0684211,0.1119403,0.1460674,0.1351351,0.25,0.1282051,0.1764706,0.1372549,0.0357143,0.0,0.0,0.0
Common Merganser,0.0425532,0.0833333,0.05,0.1162791,0.1515152,0.0666667,0.0352941,0.0740741,0.12,0.0833333,0.1142857,0.2063492,0.3137255,0.1971831,0.1257143,0.2368421,0.245098,0.2164179,0.23049,0.1799729,0.1511335,0.1730769,0.1415929,0.1059028,0.0830769,0.0498339,0.0952381,0.0915663,0.0997067,0.0699301,0.0942623,0.0983051,0.1169355,0.15311,0.1419753,0.1216216,0.1473684,0.0671642,0.0674157,0.1621622,0.1458333,0.1794872,0.0882353,0.0980392,0.1071429,0.05,0.1333333,0.0384615
Red-breasted Merganser,0.0015,0.0416667,0.0,0.1162791,0.0909091,0.0222222,0.0,0.0,0.0,0.0,0.0,0.0793651,0.0588235,0.0704225,0.0914286,0.1096491,0.127451,0.1231343,0.1034483,0.0906631,0.0579345,0.0903846,0.0619469,0.0347222,0.0215385,0.0265781,0.015873,0.0168675,0.0117302,0.0314685,0.0409836,0.0440678,0.0403226,0.0382775,0.0432099,0.027027,0.0526316,0.0671642,0.0898876,0.1081081,0.0416667,0.0512821,0.0588235,0.0980392,0.0714286,0.0,0.0015,0.0384615
Ruddy Duck,0.0,0.0,0.0,0.0,0.0,0.0,0.0,0.0,0.0,0.0,0.0,0.0,0.0,0.0,0.0,0.0015,0.0,0.0037313,0.0018149,0.0,0.0,0.0,0.0015,0.0,0.0,0.0,0.0039683,0.0,0.0,0.0,0.0,0.0067797,0.0,0.0,0.0061728,0.009009,0.0157895,0.0149254,0.0,0.0,0.0,0.0,0.0,0.0,0.0,0.0,0.0,0.0
Wild Turkey,0.0015,0.0015,0.05,0.0015,0.030303,0.0666667,0.0352941,0.0,0.0015,0.0015,0.0285714,0.0015,0.0196078,0.0140845,0.0114286,0.0175439,0.0147059,0.0335821,0.0163339,0.014885,0.0151134,0.0076923,0.0147493,0.015625,0.0153846,0.013289,0.0079365,0.0144578,0.0117302,0.0174825,0.0163934,0.0067797,0.0241935,0.0382775,0.0015,0.018018,0.0105263,0.0074627,0.0561798,0.027027,0.0,0.0015,0.0294118,0.0196078,0.0,0.0,0.0015,0.0192308
Ruffed Grouse,0.1914894,0.25,0.0015,0.0232558,0.1515152,0.1555556,0.0941176,0.1481481,0.16,0.125,0.2,0.0952381,0.1176471,0.1971831,0.0914286,0.2017544,0.1911765,0.1455224,0.0980036,0.0730717,0.0957179,0.05,0.0648968,0.0434028,0.0307692,0.0531561,0.047619,0.0216867,0.0322581,0.027972,0.0409836,0.0305085,0.0564516,0.0382775,0.0925926,0.0900901,0.1105263,0.1343284,0.1123596,0.2162162,0.2708333,0.3076923,0.2058824,0.0980392,0.3928571,0.2,0.0666667,0.0961538
Sharp-tailed Grouse,0.0,0.0,0.05,0.0,0.0,0.0,0.0117647,0.0,0.0015,0.0,0.0571429,0.031746,0.0392157,0.0422535,0.2514286,0.1140351,0.0441176,0.0261194,0.0326679,0.0162382,0.0151134,0.0115385,0.0235988,0.0138889,0.0092308,0.0033223,0.0079365,0.0072289,0.0087977,0.0104895,0.0163934,0.0067797,0.016129,0.0382775,0.037037,0.018018,0.0526316,0.0223881,0.0786517,0.027027,0.0208333,0.0,0.0015,0.0392157,0.0,0.0,0.0,0.0384615
Spruce Grouse,0.0015,0.0,0.0,0.0,0.0,0.0,0.0,0.0,0.0,0.0,0.0,0.0,0.0015,0.0,0.0114286,0.0015,0.0,0.0015,0.0036298,0.0027064,0.0125945,0.0019231,0.0088496,0.0034722,0.0030769,0.0099668,0.0015,0.0015,0.0015,0.006993,0.0015,0.0015,0.0080645,0.0095694,0.0,0.009009,0.0,0.0,0.0,0.0,0.0,0.0,0.0015,0.0196078,0.0,0.0,0.0,0.0
Ring-necked Pheasant,0.0,0.0,0.0,0.0,0.0,0.0,0.0,0.0,0.0,0.0,0.0,0.0,0.0,0.0,0.0,0.0,0.0,0.0037313,0.0,0.0,0.0,0.0,0.0,0.0,0.0030769,0.0,0.0,0.0,0.0,0.0,0.0,0.0,0.0,0.0,0.0,0.0,0.0,0.0,0.0,0.0,0.0,0.0,0.0,0.0,0.0,0.0,0.0,0.0
Rock Pigeon,0.0638298,0.0015,0.1,0.0930233,0.0606061,0.0444444,0.0352941,0.0015,0.2,0.1666667,0.0285714,0.0,0.0015,0.0140845,0.0285714,0.0394737,0.0245098,0.0335821,0.0181488,0.0243572,0.0302267,0.0307692,0.0147493,0.03125,0.0307692,0.013289,0.0079365,0.0192771,0.0058651,0.013986,0.0163934,0.0015,0.0201613,0.0143541,0.0,0.0135135,0.0105263,0.0223881,0.0786517,0.0405405,0.0208333,0.025641,0.0294118,0.0392157,0.0357143,0.0015,0.0015,0.0769231
Common Ground Dove,0.0,0.0,0.0,0.0,0.0,0.0,0.0,0.0,0.0,0.0,0.0,0.0,0.0,0.0,0.0,0.0,0.0,0.0,0.0,0.0,0.0,0.0,0.0,0.0,0.0,0.0,0.0,0.0,0.0,0.0,0.0,0.0,0.0,0.0,0.0,0.0,0.0105263,0.0,0.0,0.0,0.0,0.0,0.0,0.0,0.0,0.0,0.0,0.0
Mourning Dove,0.2340426,0.3333333,0.2,0.3023256,0.2424242,0.1777778,0.1764706,0.2962963,0.24,0.1666667,0.2857143,0.1587302,0.1176471,0.1971831,0.1485714,0.1535088,0.127451,0.1231343,0.1143376,0.1082544,0.1234257,0.1269231,0.1533923,0.125,0.1292308,0.0930233,0.1150794,0.1060241,0.1055718,0.1048951,0.1147541,0.0779661,0.0846774,0.1244019,0.1111111,0.0810811,0.1210526,0.1268657,0.0898876,0.2702703,0.2708333,0.2820513,0.2941176,0.2156863,0.3928571,0.4,0.3333333,0.25
Yellow-billed Cuckoo,0.0,0.0,0.0,0.0,0.0,0.0,0.0,0.0,0.0,0.0,0.0,0.0,0.0,0.0,0.0,0.0,0.0,0.0,0.0018149,0.0027064,0.0075567,0.0057692,0.0117994,0.0086806,0.0092308,0.0232558,0.0079365,0.0048193,0.0058651,0.0034965,0.0,0.0067797,0.0,0.0,0.0015,0.0045045,0.0,0.0,0.0,0.0,0.0,0.0,0.0,0.0,0.0,0.0,0.0,0.0
Black-billed Cuckoo,0.0,0.0,0.0,0.0,0.0,0.0,0.0,0.0,0.0,0.0,0.0,0.0,0.0,0.0,0.0,0.0,0.0,0.0,0.0054446,0.0121786,0.0327456,0.0365385,0.0619469,0.0590278,0.0738462,0.0863787,0.0595238,0.0289157,0.0381232,0.034965,0.0286885,0.0135593,0.0,0.0,0.0061728,0.0,0.0,0.0,0.0,0.0,0.0,0.0,0.0,0.0,0.0,0.0,0.0,0.0
Common Nighthawk,0.0,0.0,0.0,0.0,0.0,0.0,0.0,0.0,0.0,0.0,0.0,0.0,0.0,0.0,0.0,0.0,0.0,0.0,0.0036298,0.0216509,0.0302267,0.0115385,0.0265487,0.0173611,0.0553846,0.0398671,0.0595238,0.0144578,0.0293255,0.0384615,0.0327869,0.0101695,0.016129,0.0143541,0.0015,0.0,0.0,0.0,0.0,0.0,0.0,0.0,0.0,0.0,0.0,0.0,0.0,0.0
Eastern Whip-poor-will,0.0,0.0,0.0,0.0,0.0,0.0,0.0,0.0,0.0,0.0,0.0,0.0,0.0,0.0,0.0,0.004386,0.0196078,0.0298507,0.0072595,0.0135318,0.0125945,0.0096154,0.0324484,0.015625,0.0369231,0.013289,0.0198413,0.0120482,0.026393,0.020979,0.0081967,0.0033898,0.0040323,0.0015,0.0061728,0.0015,0.0,0.0,0.0,0.0,0.0,0.0,0.0,0.0,0.0,0.0,0.0,0.0
Chimney Swift,0.0,0.0,0.0,0.0,0.0,0.0,0.0,0.0,0.0,0.0,0.0,0.0,0.0,0.0,0.0,0.0,0.0015,0.0149254,0.0145191,0.0189445,0.0277078,0.0134615,0.0294985,0.015625,0.0461538,0.0199336,0.0238095,0.0072289,0.0175953,0.006993,0.0040984,0.0033898,0.0,0.0,0.0,0.0,0.0,0.0,0.0,0.0,0.0,0.0,0.0,0.0,0.0,0.0,0.0,0.0
Ruby-throated Hummingbird,0.0,0.0,0.0,0.0,0.0,0.0,0.0,0.0,0.0,0.0,0.0,0.0,0.0,0.0,0.0,0.0,0.0196078,0.1044776,0.0980036,0.1041949,0.0881612,0.0653846,0.0884956,0.0538194,0.0861538,0.089701,0.0952381,0.0795181,0.1319648,0.1538462,0.1967213,0.1932203,0.1209677,0.0526316,0.0432099,0.036036,0.0105263,0.0,0.0,0.0,0.0,0.0,0.0,0.0,0.0,0.0,0.0,0.0
Virginia Rail,0.0,0.0,0.0,0.0,0.0,0.0,0.0,0.0,0.0,0.0,0.0,0.0,0.0,0.0,0.0,0.0131579,0.004902,0.011194,0.030853,0.052774,0.0528967,0.0384615,0.0294985,0.0277778,0.0153846,0.0232558,0.0039683,0.0072289,0.0146628,0.0104895,0.0040984,0.0101695,0.0120968,0.0,0.0,0.0,0.0,0.0,0.0,0.0,0.0,0.0,0.0,0.0,0.0,0.0,0.0,0.0
Sora,0.0,0.0,0.0,0.0,0.0,0.0,0.0,0.0,0.0,0.0,0.0,0.0,0.0,0.0,0.0,0.0,0.0,0.0261194,0.0453721,0.0541272,0.0629723,0.0673077,0.0412979,0.0208333,0.0184615,0.0166113,0.0119048,0.0024096,0.0029326,0.0015,0.0040984,0.0,0.0040323,0.0,0.0,0.0,0.0,0.0,0.0,0.0,0.0,0.0,0.0,0.0,0.0,0.0,0.0,0.0
American Coot,0.0,0.0,0.0,0.0,0.0,0.0,0.0,0.0,0.0,0.0,0.0,0.0,0.0,0.0,0.0,0.0131579,0.0,0.0037313,0.0127042,0.0121786,0.02267,0.0211538,0.0117994,0.0034722,0.0092308,0.0066445,0.0,0.0072289,0.0058651,0.0104895,0.0,0.0135593,0.0080645,0.0095694,0.037037,0.0720721,0.1052632,0.141791,0.0561798,0.0135135,0.0,0.0015,0.0,0.0,0.0,0.0,0.0,0.0
Yellow Rail,0.0,0.0,0.0,0.0,0.0,0.0,0.0,0.0,0.0,0.0,0.0,0.0,0.0,0.0,0.0,0.0,0.0015,0.0074627,0.0145191,0.014885,0.0176322,0.0134615,0.0176991,0.0052083,0.0015,0.0066445,0.0039683,0.0024096,0.0,0.0,0.0,0.0,0.0,0.0,0.0,0.0,0.0,0.0,0.0,0.0,0.0,0.0,0.0,0.0,0.0,0.0,0.0,0.0
Sandhill Crane,0.0,0.0,0.0,0.0,0.0,0.0,0.0,0.0,0.0,0.0416667,0.0857143,0.1269841,0.2352941,0.4647887,0.4114286,0.3289474,0.2745098,0.261194,0.3484574,0.3261164,0.3350126,0.3192308,0.4218289,0.2916667,0.2830769,0.3023256,0.3055556,0.3686747,0.4340176,0.4335664,0.4959016,0.3898305,0.4596774,0.4019139,0.3950617,0.3063063,0.2315789,0.141791,0.0786517,0.1216216,0.0,0.0,0.0,0.0,0.0,0.0,0.0,0.0
American Avocet,0.0,0.0,0.0,0.0,0.0,0.0,0.0,0.0,0.0,0.0,0.0,0.0,0.0,0.0,0.0,0.0,0.0,0.0,0.0018149,0.0013532,0.0,0.0,0.0,0.0,0.0,0.0,0.0,0.0,0.0,0.0,0.0,0.0,0.0,0.0,0.0,0.0,0.0,0.0,0.0,0.0,0.0,0.0,0.0,0.0,0.0,0.0,0.0,0.0
Black-bellied Plover,0.0,0.0,0.0,0.0,0.0,0.0,0.0,0.0,0.0,0.0,0.0,0.0,0.0,0.0,0.0,0.0,0.0,0.0,0.0235935,0.0405954,0.0125945,0.0,0.0,0.0,0.0,0.0,0.0,0.0024096,0.0,0.0034965,0.0040984,0.0033898,0.0040323,0.0382775,0.0,0.0045045,0.0,0.0074627,0.0015,0.0540541,0.0,0.0,0.0,0.0,0.0,0.0,0.0,0.0
American Golden-Plover,0.0,0.0,0.0,0.0,0.0,0.0,0.0,0.0,0.0,0.0,0.0,0.0,0.0,0.0,0.0,0.0,0.0,0.0,0.0018149,0.0081191,0.0,0.0,0.0058997,0.0,0.0,0.0,0.0,0.0,0.0,0.0,0.0,0.0,0.0040323,0.0239234,0.0185185,0.009009,0.0105263,0.0074627,0.0015,0.0,0.0,0.0,0.0,0.0,0.0,0.0,0.0,0.0
Killdeer,0.0,0.0,0.0,0.0,0.0,0.0,0.0,0.0,0.0,0.0,0.0,0.0015,0.0196078,0.0704225,0.0685714,0.122807,0.127451,0.1604478,0.1887477,0.1556157,0.1536524,0.1769231,0.1327434,0.078125,0.0707692,0.0531561,0.0515873,0.0481928,0.0439883,0.048951,0.0491803,0.0271186,0.0322581,0.0191388,0.0123457,0.0045045,0.0,0.0,0.0,0.0,0.0,0.0,0.0,0.0,0.0,0.0,0.0,0.0
Semipalmated Plover,0.0,0.0,0.0,0.0,0.0,0.0,0.0,0.0,0.0,0.0,0.0,0.0,0.0,0.0,0.0,0.0,0.0,0.0037313,0.0435572,0.0541272,0.0277078,0.0096154,0.0029499,0.0,0.0,0.0,0.0015,0.0048193,0.0029326,0.0174825,0.0245902,0.0305085,0.0241935,0.0430622,0.0185185,0.009009,0.0,0.0,0.0,0.0,0.0,0.0,0.0,0.0,0.0,0.0,0.0,0.0
Piping Plover,0.0,0.0,0.0,0.0,0.0,0.0,0.0,0.0,0.0,0.0,0.0,0.0,0.0,0.0,0.0,0.0,0.004902,0.0074627,0.0108893,0.0094723,0.0100756,0.0015,0.0015,0.0015,0.0061538,0.0015,0.0015,0.0,0.0,0.0015,0.0081967,0.0,0.0,0.0047847,0.0,0.0,0.0,0.0,0.0,0.0,0.0,0.0,0.0,0.0,0.0,0.0,0.0,0.0
Upland Sandpiper,0.0,0.0,0.0,0.0,0.0,0.0,0.0,0.0,0.0,0.0,0.0,0.0,0.0,0.0,0.0,0.004386,0.0343137,0.0037313,0.0127042,0.0081191,0.0075567,0.0076923,0.0117994,0.0069444,0.0061538,0.0066445,0.0,0.0024096,0.0,0.0,0.0,0.0,0.0,0.0,0.0,0.0,0.0,0.0,0.0,0.0,0.0,0.0,0.0,0.0,0.0,0.0,0.0,0.0
Hudsonian Whimbrel,0.0,0.0,0.0,0.0,0.0,0.0,0.0,0.0,0.0,0.0,0.0,0.0,0.0,0.0,0.0,0.0,0.0,0.0037313,0.0199637,0.0460081,0.0100756,0.0019231,0.0,0.0,0.0,0.0,0.0,0.0,0.0,0.0,0.0,0.0033898,0.0,0.0,0.0,0.0,0.0,0.0,0.0,0.0,0.0,0.0,0.0,0.0,0.0,0.0,0.0,0.0
Bar-tailed Godwit,0.0,0.0,0.0,0.0,0.0,0.0,0.0,0.0,0.0,0.0,0.0,0.0,0.0,0.0,0.0,0.0,0.0,0.0,0.0,0.0,0.0,0.0,0.0,0.0015,0.0,0.0,0.0,0.0,0.0,0.0,0.0,0.0,0.0,0.0,0.0,0.0,0.0,0.0,0.0,0.0,0.0,0.0,0.0,0.0,0.0,0.0,0.0,0.0
Hudsonian Godwit,0.0,0.0,0.0,0.0,0.0,0.0,0.0,0.0,0.0,0.0,0.0,0.0,0.0,0.0,0.0,0.0,0.0,0.0,0.0036298,0.0027064,0.0,0.0,0.0,0.0,0.0,0.0,0.0,0.0,0.0,0.0,0.0,0.0,0.0,0.0,0.0,0.0,0.0,0.0,0.0,0.0,0.0,0.0,0.0,0.0,0.0,0.0,0.0,0.0
Marbled Godwit,0.0,0.0,0.0,0.0,0.0,0.0,0.0,0.0,0.0,0.0,0.0,0.0,0.0,0.0,0.0,0.0,0.0,0.0,0.0036298,0.0040595,0.0,0.0,0.0,0.0,0.0,0.0,0.0,0.0,0.0,0.0,0.0,0.0,0.0,0.0,0.0,0.0,0.0,0.0,0.0,0.0,0.0,0.0,0.0,0.0,0.0,0.0,0.0,0.0
Short-billed Dowitcher,0.0,0.0,0.0,0.0,0.0,0.0,0.0,0.0,0.0,0.0,0.0,0.0,0.0,0.0,0.0,0.0,0.0,0.011194,0.0344828,0.0027064,0.0,0.0,0.0,0.0,0.0,0.0099668,0.0,0.0024096,0.0,0.0,0.0040984,0.0,0.0015,0.0047847,0.0123457,0.0,0.0,0.0,0.0,0.0,0.0,0.0,0.0,0.0,0.0,0.0,0.0,0.0
American Woodcock,0.0,0.0,0.0,0.0,0.0,0.0,0.0,0.0,0.0,0.0015,0.0015,0.0793651,0.0196078,0.0140845,0.0228571,0.0438596,0.0245098,0.0335821,0.0217786,0.0094723,0.0176322,0.0057692,0.0324484,0.0190972,0.0092308,0.0099668,0.015873,0.0024096,0.0087977,0.0,0.0,0.0,0.0040323,0.0,0.0123457,0.0135135,0.0052632,0.0074627,0.011236,0.0,0.0015,0.0,0.0,0.0,0.0,0.0,0.0,0.0
Wilson's Snipe,0.0,0.0,0.0,0.0,0.0,0.0,0.0,0.0,0.0,0.0,0.0,0.0,0.0,0.0140845,0.1371429,0.0833333,0.1372549,0.0970149,0.1179673,0.1515562,0.1662469,0.1634615,0.1828909,0.1128472,0.0923077,0.0664452,0.0357143,0.0168675,0.0146628,0.0174825,0.0245902,0.0101695,0.0362903,0.0287081,0.0185185,0.0225225,0.0157895,0.0373134,0.0337079,0.0015,0.0,0.0,0.0,0.0,0.0,0.0,0.0,0.0
Wilson's Phalarope,0.0,0.0,0.0,0.0,0.0,0.0,0.0,0.0,0.0,0.0,0.0,0.0,0.0,0.0,0.0,0.0,0.0,0.0015,0.0,0.0,0.0,0.0,0.0,0.0,0.0,0.0,0.0,0.0,0.0,0.0,0.0,0.0,0.0,0.0,0.0,0.0,0.0,0.0,0.0,0.0,0.0,0.0,0.0,0.0,0.0,0.0,0.0,0.0
Spotted Sandpiper,0.0,0.0,0.0,0.0,0.0,0.0,0.0,0.0,0.0,0.0,0.0,0.0,0.0,0.0,0.0,0.0087719,0.0294118,0.0746269,0.1760436,0.1407307,0.0982368,0.0807692,0.0973451,0.0434028,0.0553846,0.0398671,0.0357143,0.0289157,0.0615836,0.0699301,0.0942623,0.0813559,0.0403226,0.0239234,0.0246914,0.018018,0.0052632,0.0,0.0,0.0,0.0,0.0,0.0,0.0,0.0,0.0,0.0,0.0
Solitary Sandpiper,0.0,0.0,0.0,0.0,0.0,0.0,0.0,0.0,0.0,0.0,0.0,0.0,0.0,0.0,0.0,0.0,0.0147059,0.0149254,0.0235935,0.0108254,0.0025189,0.0,0.0,0.0,0.0,0.0166113,0.0,0.0144578,0.0293255,0.0384615,0.0532787,0.0271186,0.0201613,0.0287081,0.037037,0.018018,0.0,0.0074627,0.0,0.0,0.0,0.0,0.0,0.0,0.0,0.0,0.0,0.0
Lesser Yellowlegs,0.0,0.0,0.0,0.0,0.0,0.0,0.0,0.0,0.0,0.0,0.0,0.0,0.0,0.0,0.0057143,0.0087719,0.0245098,0.0597015,0.0417423,0.0270636,0.0,0.0,0.0,0.0017361,0.0123077,0.0166113,0.0039683,0.0192771,0.0351906,0.0244755,0.045082,0.0474576,0.0362903,0.062201,0.0308642,0.0045045,0.0105263,0.0074627,0.011236,0.0,0.0,0.0,0.0,0.0,0.0,0.0,0.0,0.0
Willet,0.0,0.0,0.0,0.0,0.0,0.0,0.0,0.0,0.0,0.0,0.0,0.0,0.0,0.0,0.0,0.0,0.004902,0.0,0.0,0.0027064,0.0,0.0,0.0,0.0,0.0,0.0,0.0,0.0,0.0029326,0.0,0.0,0.0,0.0,0.0,0.0,0.0,0.0,0.0,0.0,0.0,0.0,0.0,0.0,0.0,0.0,0.0,0.0,0.0
Greater Yellowlegs,0.0,0.0,0.0,0.0,0.0,0.0,0.0,0.0,0.0,0.0,0.0,0.0,0.0,0.0140845,0.0171429,0.0570175,0.0833333,0.0597015,0.0435572,0.0189445,0.0025189,0.0,0.0058997,0.0,0.0123077,0.0166113,0.0198413,0.0192771,0.0117302,0.041958,0.0245902,0.0338983,0.0524194,0.062201,0.0617284,0.0630631,0.0315789,0.0298507,0.0561798,0.0405405,0.0,0.0,0.0,0.0,0.0,0.0,0.0,0.0
Ruddy Turnstone,0.0,0.0,0.0,0.0,0.0,0.0,0.0,0.0,0.0,0.0,0.0,0.0,0.0,0.0,0.0,0.0,0.0,0.0037313,0.0254083,0.0284168,0.0201511,0.0,0.0015,0.0,0.0,0.0,0.0,0.0,0.0,0.0,0.0,0.0,0.0,0.0,0.0,0.0,0.0,0.0,0.0,0.0,0.0,0.0,0.0,0.0,0.0,0.0,0.0,0.0
Red Knot,0.0,0.0,0.0,0.0,0.0,0.0,0.0,0.0,0.0,0.0,0.0,0.0,0.0,0.0,0.0,0.0,0.0,0.0,0.0036298,0.0040595,0.0075567,0.0,0.0,0.0,0.0,0.0,0.0,0.0,0.0,0.0,0.0,0.0,0.0,0.0,0.0,0.0,0.0,0.0,0.0,0.0,0.0,0.0,0.0,0.0,0.0,0.0,0.0,0.0
Ruff,0.0,0.0,0.0,0.0,0.0,0.0,0.0,0.0,0.0,0.0,0.0,0.0,0.0,0.0,0.0,0.0,0.0,0.0,0.0036298,0.0,0.0,0.0,0.0,0.0,0.0,0.0,0.0,0.0,0.0,0.0,0.0,0.0,0.0,0.0,0.0,0.0,0.0,0.0,0.0,0.0,0.0,0.0,0.0,0.0,0.0,0.0,0.0,0.0
Stilt Sandpiper,0.0,0.0,0.0,0.0,0.0,0.0,0.0,0.0,0.0,0.0,0.0,0.0,0.0,0.0,0.0,0.0,0.0,0.0,0.0018149,0.0,0.0,0.0,0.0,0.0,0.0,0.0,0.0,0.0024096,0.0029326,0.0,0.0122951,0.0101695,0.0120968,0.0047847,0.0,0.0,0.0,0.0,0.0,0.0,0.0,0.0,0.0,0.0,0.0,0.0,0.0,0.0
Buff-breasted Sandpiper,0.0,0.0,0.0,0.0,0.0,0.0,0.0,0.0,0.0,0.0,0.0,0.0,0.0,0.0,0.0,0.0,0.0,0.0,0.0,0.0,0.0,0.0,0.0,0.0,0.0,0.0,0.0,0.0,0.0,0.0,0.0,0.0,0.0,0.0047847,0.0,0.0,0.0,0.0,0.0,0.0,0.0,0.0,0.0,0.0,0.0,0.0,0.0,0.0
Sanderling,0.0,0.0,0.0,0.0,0.0,0.0,0.0,0.0,0.0,0.0,0.0,0.0,0.0,0.0,0.0,0.0,0.0,0.0,0.0054446,0.0175913,0.0125945,0.0192308,0.0,0.0,0.0,0.0,0.0,0.0,0.0029326,0.0,0.0,0.0033898,0.0040323,0.0191388,0.0246914,0.0135135,0.0105263,0.0,0.0,0.027027,0.0416667,0.0,0.0,0.0,0.0,0.0,0.0,0.0
Dunlin,0.0,0.0,0.0,0.0,0.0,0.0,0.0,0.0,0.0,0.0,0.0,0.0,0.0,0.0,0.0,0.0,0.004902,0.0,0.0453721,0.0581867,0.02267,0.0442308,0.0,0.0,0.0,0.0,0.0,0.0024096,0.0,0.0,0.0,0.0,0.0,0.0047847,0.0,0.0045045,0.0,0.0,0.0,0.0135135,0.0,0.0,0.0,0.0,0.0,0.0,0.0,0.0
Baird's Sandpiper,0.0,0.0,0.0,0.0,0.0,0.0,0.0,0.0,0.0,0.0,0.0,0.0,0.0,0.0,0.0,0.0,0.0,0.0,0.0,0.0,0.0,0.0,0.0,0.0,0.0,0.0,0.0015,0.0024096,0.0,0.0034965,0.0040984,0.0033898,0.0120968,0.0,0.0,0.0,0.0,0.0,0.0,0.0,0.0,0.0,0.0,0.0,0.0,0.0,0.0,0.0
White-rumped Sandpiper,0.0,0.0,0.0,0.0,0.0,0.0,0.0,0.0,0.0,0.0,0.0,0.0,0.0,0.0,0.0,0.0,0.0,0.0,0.0018149,0.0081191,0.0050378,0.0192308,0.0029499,0.0017361,0.0,0.0,0.0,0.0,0.0,0.0,0.0,0.0,0.0,0.0,0.0,0.0,0.0,0.0,0.0,0.0,0.0,0.025641,0.0,0.0,0.0,0.0,0.0,0.0
Least Sandpiper,0.0,0.0,0.0,0.0,0.0,0.0,0.0,0.0,0.0,0.0,0.0,0.0,0.0,0.0,0.0,0.0,0.0,0.0186567,0.0417423,0.0284168,0.0025189,0.0,0.0029499,0.0,0.0,0.0,0.0,0.0072289,0.0029326,0.006993,0.0286885,0.0135593,0.0241935,0.0047847,0.0061728,0.0,0.0,0.0,0.0,0.0,0.0,0.0,0.0,0.0,0.0,0.0,0.0,0.0
Pectoral Sandpiper,0.0,0.0,0.0,0.0,0.0,0.0,0.0,0.0,0.0,0.0,0.0,0.0,0.0,0.0,0.0,0.0,0.004902,0.0037313,0.0015,0.0040595,0.0,0.0,0.0,0.0,0.0,0.0066445,0.0,0.0,0.0015,0.0034965,0.0081967,0.0033898,0.0241935,0.0047847,0.0185185,0.0045045,0.0105263,0.0074627,0.0,0.0,0.0,0.0,0.0,0.0,0.0,0.0,0.0,0.0
Semipalmated Sandpiper,0.0,0.0,0.0,0.0,0.0,0.0,0.0,0.0,0.0,0.0,0.0,0.0,0.0,0.0,0.0,0.0,0.0,0.0,0.0072595,0.0433018,0.0327456,0.0365385,0.0058997,0.0,0.0,0.0,0.0039683,0.0048193,0.0058651,0.0104895,0.0122951,0.0101695,0.016129,0.0047847,0.0061728,0.0,0.0,0.0,0.0,0.0,0.0,0.0,0.0,0.0,0.0,0.0,0.0,0.0
Bonaparte's Gull,0.0,0.0,0.0,0.0,0.0,0.0,0.0,0.0,0.0,0.0,0.0,0.0,0.0,0.0,0.0057143,0.0,0.004902,0.011194,0.0145191,0.0162382,0.0075567,0.0038462,0.0,0.0,0.0030769,0.0,0.0,0.0024096,0.0029326,0.0,0.0122951,0.0135593,0.0080645,0.0095694,0.0,0.0,0.0,0.0,0.011236,0.0,0.0208333,0.0,0.0,0.0,0.0,0.0,0.0,0.0
Laughing Gull,0.0,0.0,0.0,0.0,0.0,0.0,0.0,0.0,0.0,0.0,0.0,0.0,0.0,0.0,0.0,0.0,0.0,0.0,0.0,0.0,0.0,0.0,0.0029499,0.0,0.0,0.0,0.0,0.0,0.0,0.0,0.0,0.0,0.0,0.0,0.0,0.0,0.0,0.0,0.0,0.0,0.0,0.0,0.0,0.0,0.0,0.0,0.0,0.0
Franklin's Gull,0.0,0.0,0.0,0.0,0.0,0.0,0.0,0.0,0.0,0.0,0.0,0.0,0.0,0.0,0.0,0.0,0.0,0.0037313,0.0,0.0,0.0025189,0.0019231,0.0,0.0,0.0,0.0,0.0,0.0,0.0,0.0,0.0,0.0,0.0,0.0,0.0,0.0,0.0,0.0,0.0,0.0,0.0,0.0,0.0,0.0,0.0,0.0,0.0,0.0
Black-tailed Gull,0.0,0.0,0.0,0.0,0.0,0.0,0.0,0.0,0.0,0.0,0.0,0.0,0.0,0.0,0.0,0.0,0.0,0.0,0.0,0.0,0.0,0.1115385,0.0029499,0.0,0.0,0.0,0.0,0.0,0.0,0.0,0.0,0.0,0.0,0.0,0.0,0.0,0.0,0.0,0.0,0.0,0.0,0.0,0.0,0.0,0.0,0.0,0.0,0.0
Ring-billed Gull,0.0425532,0.0,0.0,0.0232558,0.0,0.0,0.0,0.037037,0.0,0.125,0.0571429,0.1428571,0.2352941,0.3098592,0.1771429,0.254386,0.2352941,0.2985075,0.292196,0.338295,0.2896725,0.4076923,0.339233,0.2829861,0.3323077,0.3421927,0.3650794,0.339759,0.2903226,0.3181818,0.3606557,0.2949153,0.2540323,0.3875598,0.2839506,0.1981982,0.2421053,0.3208955,0.1910112,0.2297297,0.1875,0.1794872,0.1764706,0.1568627,0.0357143,0.1,0.0666667,0.0192308
American Herring Gull,0.1276596,0.125,0.15,0.3023256,0.1212121,0.0222222,0.1411765,0.0740741,0.12,0.1666667,0.0571429,0.2063492,0.2745098,0.1830986,0.1542857,0.1929825,0.1764706,0.2164179,0.185118,0.1826793,0.1838791,0.2423077,0.1415929,0.1111111,0.1323077,0.1594684,0.1150794,0.1445783,0.1055718,0.1328671,0.147541,0.1254237,0.0927419,0.1004785,0.0925926,0.1081081,0.1263158,0.1791045,0.1573034,0.2297297,0.25,0.3076923,0.1764706,0.2745098,0.3571429,0.35,0.1333333,0.1346154
Great Black-backed Gull,0.0,0.0,0.0,0.0,0.0,0.0,0.0,0.0,0.0,0.0,0.0,0.0,0.0,0.0,0.0,0.0,0.004902,0.0,0.0,0.0,0.0,0.0,0.0,0.0,0.0,0.0,0.0,0.0,0.0,0.0,0.0,0.0,0.0,0.0,0.0,0.0,0.0,0.0,0.0,0.0,0.0,0.0,0.0,0.0,0.0,0.0,0.0,0.0
Glaucous Gull,0.0,0.0,0.0,0.0232558,0.0,0.0,0.0117647,0.0,0.0,0.0,0.0,0.0,0.0,0.0,0.0,0.004386,0.0,0.0,0.0,0.0,0.0,0.0,0.0,0.0,0.0,0.0,0.0,0.0,0.0,0.0,0.0,0.0,0.0,0.0,0.0,0.0,0.0,0.0,0.0,0.0,0.0,0.0,0.0,0.0,0.0,0.0,0.0,0.0
Lesser Black-backed Gull,0.0,0.0,0.0,0.0,0.0,0.0,0.0,0.0,0.0,0.0,0.0,0.0,0.0,0.0,0.0,0.0,0.004902,0.0,0.0,0.0,0.0050378,0.0403846,0.0117994,0.0,0.0,0.0,0.0,0.0,0.0,0.0,0.0,0.0,0.0,0.0,0.0,0.0,0.0,0.0,0.0,0.0,0.0,0.0,0.0,0.0,0.0,0.0,0.0,0.0
Iceland Gull,0.0,0.0,0.0,0.0,0.0,0.0,0.0,0.0,0.0,0.0,0.0,0.0,0.0,0.0140845,0.0057143,0.0,0.0,0.0,0.0,0.0,0.0,0.0038462,0.0029499,0.0,0.0,0.0,0.0,0.0,0.0,0.0,0.0,0.0,0.0,0.0,0.0,0.0,0.0,0.0,0.0,0.0,0.0,0.0,0.0,0.0,0.0,0.05,0.0,0.0
Caspian Tern,0.0,0.0,0.0,0.0,0.0,0.0,0.0,0.0,0.0,0.0,0.0,0.0,0.0,0.0140845,0.0171429,0.0614035,0.1813725,0.130597,0.2577132,0.2449256,0.186398,0.1326923,0.1946903,0.1336806,0.1261538,0.1993355,0.1944444,0.2506024,0.2375367,0.2657343,0.2827869,0.220339,0.1169355,0.0,0.0,0.0,0.0,0.0,0.0,0.0,0.0,0.0,0.0,0.0,0.0,0.0,0.0,0.0
Black Tern,0.0,0.0,0.0,0.0,0.0,0.0,0.0,0.0,0.0,0.0,0.0,0.0,0.0,0.0,0.0,0.0,0.0,0.0037313,0.0036298,0.014885,0.0302267,0.025,0.0530973,0.0277778,0.0276923,0.0199336,0.0277778,0.0096386,0.0058651,0.0034965,0.0,0.0,0.0,0.0,0.0,0.0,0.0,0.0,0.0,0.0,0.0,0.0,0.0,0.0,0.0,0.0,0.0,0.0
Forster's Tern,0.0,0.0,0.0,0.0,0.0,0.0,0.0,0.0,0.0,0.0,0.0,0.0,0.0,0.0,0.0,0.0,0.0,0.0,0.0,0.0,0.0,0.0384615,0.0,0.0,0.0,0.0,0.0039683,0.0,0.0,0.0,0.0,0.0,0.0,0.0,0.0,0.0,0.0,0.0,0.0,0.0,0.0,0.0,0.0,0.0,0.0,0.0,0.0,0.0
Common Tern,0.0,0.0,0.0,0.0,0.0,0.0,0.0,0.0,0.0,0.0,0.0,0.0,0.0,0.0,0.0,0.0,0.0637255,0.0522388,0.1742287,0.1759134,0.1561713,0.1692308,0.1858407,0.1388889,0.1784615,0.1827243,0.1388889,0.1566265,0.1348974,0.1083916,0.0696721,0.0067797,0.0080645,0.0,0.0,0.0,0.0,0.0,0.0,0.0,0.0,0.0,0.0,0.0,0.0,0.0,0.0,0.0
Pied-billed Grebe,0.0,0.0,0.0,0.0,0.0,0.0,0.0,0.0,0.0,0.0,0.0,0.015873,0.0392157,0.0422535,0.0228571,0.0964912,0.0441176,0.0298507,0.0526316,0.0541272,0.0478589,0.05,0.0766962,0.0572917,0.1015385,0.0930233,0.1428571,0.1590361,0.2404692,0.2517483,0.295082,0.2847458,0.3669355,0.4114833,0.4382716,0.4369369,0.4789474,0.4179104,0.2247191,0.0675676,0.0416667,0.0,0.0,0.0,0.0,0.0,0.0,0.0
Horned Grebe,0.0,0.0,0.0,0.0,0.0,0.0,0.0,0.0,0.0,0.0,0.0,0.0,0.0196078,0.0140845,0.0228571,0.0307018,0.0294118,0.011194,0.0036298,0.0013532,0.0,0.0,0.0,0.0,0.0,0.0,0.0,0.0,0.0,0.0034965,0.0,0.0135593,0.0080645,0.0143541,0.0246914,0.0540541,0.0473684,0.0522388,0.1123596,0.0810811,0.1041667,0.0,0.0015,0.0196078,0.0,0.0,0.0,0.0
Red-necked Grebe,0.0,0.0,0.0,0.0,0.0,0.0,0.0,0.0,0.0,0.0,0.0,0.0,0.0,0.0,0.0,0.0131579,0.004902,0.0,0.0054446,0.0,0.0,0.0,0.0117994,0.0,0.0,0.0,0.0,0.0024096,0.0,0.0174825,0.0040984,0.0305085,0.0120968,0.0191388,0.0015,0.027027,0.0105263,0.0298507,0.0224719,0.0,0.0015,0.0,0.0015,0.0,0.0,0.0,0.0,0.0
Western Grebe,0.0,0.0,0.0,0.0,0.0,0.0,0.0,0.0,0.0,0.0,0.0,0.0,0.0,0.0,0.0,0.0,0.0,0.0,0.0,0.0,0.0,0.0,0.0,0.0,0.0,0.0,0.0,0.0,0.0,0.0,0.0,0.0,0.0,0.0,0.0,0.0,0.0,0.0,0.0,0.0,0.0,0.0,0.0,0.0196078,0.0,0.0,0.0,0.0
Red-throated Loon,0.0,0.0,0.0,0.0,0.0,0.0,0.0,0.0,0.0,0.0,0.0,0.0,0.0,0.0,0.0,0.0,0.0,0.0,0.0018149,0.0,0.0,0.0,0.0,0.0,0.0,0.0,0.0,0.0,0.0,0.0,0.0,0.0,0.0,0.0,0.0,0.0,0.0,0.0,0.0015,0.0135135,0.0,0.0,0.0,0.0,0.0,0.0,0.0,0.0
Common Loon,0.0,0.0,0.0,0.0,0.0,0.0,0.0,0.0,0.0,0.0,0.0,0.031746,0.0,0.0985915,0.1714286,0.2149123,0.2303922,0.238806,0.3956443,0.3734777,0.3778338,0.3692308,0.4749263,0.3420139,0.4369231,0.5116279,0.452381,0.4939759,0.5659824,0.513986,0.545082,0.4576271,0.3870968,0.3349282,0.3209877,0.1801802,0.1736842,0.0895522,0.0561798,0.0945946,0.0625,0.025641,0.0015,0.0,0.0,0.0,0.0,0.0
Double-crested Cormorant,0.0,0.0,0.0,0.0,0.0,0.0,0.0,0.0,0.0,0.0,0.0,0.0,0.0,0.0422535,0.0514286,0.1491228,0.1568627,0.1828358,0.1941924,0.0987821,0.0806045,0.0826923,0.0383481,0.0260417,0.0215385,0.0232558,0.0277778,0.0506024,0.0469208,0.0629371,0.147541,0.1627119,0.1330645,0.1961722,0.1234568,0.0900901,0.1210526,0.1044776,0.0449438,0.0405405,0.0625,0.0,0.0,0.0,0.0,0.0,0.0,0.0
American Bittern,0.0,0.0,0.0,0.0,0.0,0.0,0.0,0.0,0.0,0.0,0.0,0.0,0.0,0.0,0.0,0.004386,0.0686275,0.0671642,0.0943739,0.1109608,0.1486146,0.1038462,0.1297935,0.0885417,0.0923077,0.0930233,0.0873016,0.0674699,0.0909091,0.0769231,0.0614754,0.0610169,0.0564516,0.0334928,0.0246914,0.027027,0.0157895,0.0,0.0,0.0,0.0,0.0,0.0,0.0,0.0,0.0,0.0,0.0
Least Bittern,0.0,0.0,0.0,0.0,0.0,0.0,0.0,0.0,0.0,0.0,0.0,0.0,0.0,0.0,0.0,0.0,0.0,0.0,0.0018149,0.0040595,0.0,0.0019231,0.0029499,0.0,0.0030769,0.0,0.0015,0.0024096,0.0,0.0,0.0,0.0,0.0,0.0,0.0,0.0,0.0,0.0,0.0,0.0,0.0,0.0,0.0,0.0,0.0,0.0,0.0,0.0
Yellow-crowned Night Heron,0.0,0.0,0.0,0.0,0.0,0.0,0.0,0.0,0.0,0.0,0.0,0.0,0.0,0.0,0.0,0.0,0.0,0.0,0.0,0.0,0.0,0.0,0.0,0.0,0.0,0.0,0.0,0.0,0.0015,0.0,0.0,0.0,0.0,0.0,0.0,0.0,0.0,0.0,0.0,0.0,0.0,0.0,0.0,0.0,0.0,0.0,0.0,0.0
Black-crowned Night Heron,0.0,0.0,0.0,0.0,0.0,0.0,0.0,0.0,0.0,0.0,0.0,0.0,0.0,0.0,0.0,0.0,0.0,0.0,0.0,0.0,0.0,0.0038462,0.0,0.0034722,0.0,0.0015,0.0,0.0015,0.0,0.0034965,0.0040984,0.0,0.0,0.0047847,0.0,0.0,0.0,0.0,0.0,0.0,0.0,0.0,0.0,0.0,0.0,0.0,0.0,0.0
Green Heron,0.0,0.0,0.0,0.0,0.0,0.0,0.0,0.0,0.0,0.0,0.0,0.0,0.0,0.0,0.0,0.0,0.0098039,0.0074627,0.0145191,0.0067659,0.0125945,0.0153846,0.0088496,0.0138889,0.0092308,0.0099668,0.0198413,0.0048193,0.0234604,0.0104895,0.0081967,0.0067797,0.0080645,0.0095694,0.0123457,0.0,0.0,0.0,0.0,0.0,0.0,0.0,0.0,0.0,0.0,0.0,0.0,0.0
Western Cattle-Egret,0.0,0.0,0.0,0.0,0.0,0.0,0.0,0.0,0.0,0.0,0.0,0.0,0.0,0.0,0.0,0.0,0.0,0.0,0.0,0.0,0.0,0.0,0.0,0.0,0.0,0.0,0.0,0.0,0.0,0.0,0.0,0.0,0.0,0.0,0.0,0.0,0.0,0.0,0.0015,0.0,0.0,0.0,0.0,0.0,0.0,0.0,0.0,0.0
Great Egret,0.0,0.0,0.0,0.0,0.0,0.0,0.0,0.0,0.0,0.0,0.0,0.0,0.0,0.0,0.0057143,0.004386,0.0147059,0.0037313,0.0018149,0.0040595,0.0050378,0.0076923,0.0029499,0.0069444,0.0061538,0.0033223,0.0039683,0.0313253,0.0351906,0.0384615,0.0696721,0.0338983,0.0564516,0.062201,0.0925926,0.0495495,0.0052632,0.0149254,0.0,0.0,0.0,0.0,0.0,0.0,0.0,0.0,0.0,0.0
Great Blue Heron,0.0,0.0,0.0,0.0,0.0,0.0,0.0,0.0,0.0,0.0,0.0,0.0015,0.0392157,0.084507,0.0342857,0.0789474,0.0735294,0.1007463,0.0907441,0.1028417,0.1309824,0.1692308,0.1563422,0.1319444,0.1323077,0.1827243,0.2142857,0.2843373,0.2844575,0.3776224,0.3852459,0.3932203,0.3346774,0.3971292,0.4135802,0.3153153,0.2052632,0.141791,0.0674157,0.0135135,0.0208333,0.025641,0.0294118,0.0,0.0357143,0.0,0.0,0.0
American White Pelican,0.0,0.0,0.0,0.0,0.0,0.0,0.0,0.0,0.0,0.0,0.0,0.0,0.0,0.0,0.0,0.0,0.0147059,0.0074627,0.0090744,0.014885,0.0125945,0.0365385,0.0088496,0.0138889,0.0123077,0.013289,0.015873,0.0289157,0.0117302,0.006993,0.0,0.0101695,0.0,0.0095694,0.0,0.0045045,0.0052632,0.0,0.0,0.0,0.0,0.0,0.0,0.0,0.0,0.0,0.0,0.0
Turkey Vulture,0.0,0.0,0.0,0.0,0.0,0.0,0.0,0.0,0.0,0.0,0.0,0.0015,0.0392157,0.1267606,0.1428571,0.1754386,0.1666667,0.1492537,0.168784,0.1285521,0.138539,0.1576923,0.1533923,0.140625,0.1476923,0.1827243,0.1547619,0.1277108,0.1407625,0.1468531,0.1393443,0.1322034,0.1330645,0.15311,0.1604938,0.1486486,0.1421053,0.119403,0.0337079,0.027027,0.0,0.0,0.0,0.0,0.0,0.0,0.0,0.0015
Osprey,0.0,0.0,0.0,0.0,0.0,0.0,0.0,0.0,0.0,0.0,0.0,0.0,0.0196078,0.1267606,0.16,0.1184211,0.1764706,0.1119403,0.2486388,0.2246279,0.1939547,0.225,0.2713864,0.2048611,0.28,0.2857143,0.2380952,0.2843373,0.2991202,0.2832168,0.2254098,0.1694915,0.1330645,0.0430622,0.0246914,0.0135135,0.0052632,0.0015,0.0,0.0,0.0,0.0,0.0,0.0,0.0,0.0,0.0,0.0
Swallow-tailed Kite,0.0,0.0,0.0,0.0,0.0,0.0,0.0,0.0,0.0,0.0,0.0,0.0,0.0,0.0,0.0,0.0,0.0,0.0,0.0,0.0,0.0,0.0,0.0,0.0,0.0,0.0,0.0,0.0,0.0015,0.0,0.0,0.0,0.0,0.0,0.0,0.0,0.0,0.0,0.0,0.0,0.0,0.0,0.0,0.0,0.0,0.0,0.0,0.0
Golden Eagle,0.0,0.0,0.0,0.0,0.0,0.0,0.0,0.0,0.0,0.0416667,0.0,0.0,0.0,0.0015,0.0015,0.0,0.0,0.0,0.0,0.0013532,0.0,0.0,0.0,0.0,0.0,0.0,0.0,0.0,0.0,0.0,0.0,0.0,0.0,0.0,0.0,0.0,0.0,0.0,0.0,0.0135135,0.0,0.0,0.0,0.0196078,0.0,0.0,0.0,0.0
Sharp-shinned Hawk,0.0,0.0,0.0,0.0,0.0,0.0,0.0,0.0,0.04,0.0416667,0.0285714,0.031746,0.0588235,0.0704225,0.0457143,0.0789474,0.0686275,0.0597015,0.0235935,0.0067659,0.0125945,0.0096154,0.0029499,0.0086806,0.0153846,0.0066445,0.0015,0.0015,0.0058651,0.027972,0.0286885,0.0372881,0.0201613,0.0574163,0.0432099,0.0495495,0.0421053,0.0223881,0.0337079,0.027027,0.0,0.0,0.0,0.0,0.0,0.0,0.0,0.0
Cooper's Hawk,0.0,0.0015,0.05,0.0232558,0.030303,0.0,0.0235294,0.037037,0.04,0.0,0.0285714,0.015873,0.0196078,0.0,0.0,0.004386,0.0245098,0.0186567,0.0054446,0.0013532,0.0075567,0.0038462,0.0,0.0104167,0.0092308,0.0033223,0.0039683,0.0048193,0.0087977,0.006993,0.0122951,0.0169492,0.016129,0.0239234,0.0246914,0.0225225,0.0105263,0.0298507,0.0337079,0.0135135,0.0,0.0,0.0015,0.0,0.0,0.0,0.0,0.0015
American Goshawk,0.0,0.0,0.05,0.0,0.0,0.0,0.0,0.0,0.0,0.0,0.0,0.015873,0.0,0.0,0.0,0.0015,0.0,0.0,0.0018149,0.0040595,0.0025189,0.0019231,0.0029499,0.0052083,0.0030769,0.0,0.0039683,0.0015,0.0029326,0.0034965,0.0040984,0.0,0.0,0.0,0.0015,0.0045045,0.0,0.0074627,0.011236,0.0,0.0,0.0,0.0015,0.0,0.0,0.0,0.0,0.0192308
Northern Harrier,0.0,0.0,0.0,0.0,0.0,0.0,0.0,0.0,0.0,0.0,0.0015,0.0634921,0.0588235,0.084507,0.2742857,0.1403509,0.0931373,0.0597015,0.0653358,0.0703654,0.070529,0.0730769,0.0914454,0.0520833,0.0676923,0.0863787,0.0436508,0.053012,0.058651,0.0804196,0.1106557,0.1152542,0.1209677,0.1770335,0.1358025,0.1621622,0.1157895,0.119403,0.1123596,0.1081081,0.0416667,0.1025641,0.0294118,0.0,0.0,0.0,0.0,0.0
Bald Eagle,0.2340426,0.0833333,0.2,0.255814,0.1818182,0.0666667,0.0705882,0.037037,0.08,0.1666667,0.1142857,0.2222222,0.0784314,0.2112676,0.1942857,0.1622807,0.1617647,0.1828358,0.2704174,0.2354533,0.2015113,0.1846154,0.2743363,0.1788194,0.1907692,0.2325581,0.1825397,0.2,0.2434018,0.2552448,0.3278689,0.2610169,0.2782258,0.2583732,0.2654321,0.2702703,0.3368421,0.3358209,0.4157303,0.3783784,0.2291667,0.2820513,0.2647059,0.1960784,0.3571429,0.25,0.3333333,0.2115385
Broad-winged Hawk,0.0,0.0,0.0,0.0,0.0,0.0,0.0,0.0,0.0,0.0,0.0,0.0,0.0,0.0,0.0171429,0.0526316,0.1029412,0.0746269,0.0816697,0.0500677,0.0428212,0.0442308,0.0648968,0.0538194,0.0553846,0.0398671,0.047619,0.0361446,0.0762463,0.0769231,0.0696721,0.0711864,0.0403226,0.1004785,0.0740741,0.0405405,0.0210526,0.0,0.0,0.0,0.0,0.0,0.0,0.0,0.0,0.0,0.0,0.0
Red-shouldered Hawk,0.0,0.0,0.0,0.0,0.0,0.0,0.0,0.0,0.0,0.0,0.0,0.0,0.0,0.0,0.0,0.004386,0.004902,0.0015,0.0090744,0.0067659,0.0050378,0.0015,0.0058997,0.0121528,0.0030769,0.0066445,0.0,0.0072289,0.0029326,0.006993,0.0081967,0.0101695,0.0120968,0.0047847,0.0061728,0.0045045,0.0,0.0,0.0,0.0,0.0,0.025641,0.0,0.0,0.0,0.0,0.0,0.0
Red-tailed Hawk,0.0425532,0.0015,0.1,0.0015,0.0,0.0015,0.0,0.0,0.0,0.0416667,0.0,0.015873,0.0392157,0.0422535,0.0171429,0.0263158,0.0147059,0.0149254,0.0235935,0.0243572,0.0352645,0.0153846,0.0235988,0.0173611,0.0338462,0.0398671,0.0238095,0.0168675,0.0175953,0.0244755,0.0286885,0.0237288,0.0282258,0.0382775,0.0617284,0.036036,0.0210526,0.0522388,0.0337079,0.0945946,0.1041667,0.0512821,0.0015,0.0196078,0.0714286,0.0,0.0,0.0576923
Rough-legged Hawk,0.0015,0.0015,0.1,0.0,0.0015,0.0,0.0117647,0.037037,0.0015,0.0833333,0.0,0.047619,0.0196078,0.0704225,0.1542857,0.0614035,0.0098039,0.0015,0.0108893,0.0,0.0,0.0,0.0029499,0.0,0.0,0.0,0.0,0.0,0.0,0.0,0.0,0.0,0.0,0.0,0.0,0.0,0.0,0.0074627,0.011236,0.1216216,0.1875,0.2307692,0.0882353,0.0196078,0.0714286,0.05,0.0666667,0.0576923
Snowy Owl,0.0,0.0416667,0.05,0.0,0.0015,0.0,0.0,0.0,0.0,0.0,0.0,0.0,0.0,0.0,0.0,0.0087719,0.0,0.0,0.0018149,0.0015,0.0,0.0,0.0,0.0,0.0,0.0,0.0,0.0,0.0,0.0,0.0,0.0,0.0,0.0,0.0,0.0,0.0,0.0,0.0,0.0015,0.0015,0.025641,0.0015,0.0588235,0.0714286,0.0015,0.0,0.0192308
Great Horned Owl,0.0,0.0,0.0,0.0232558,0.0,0.0,0.0,0.0,0.04,0.0,0.0,0.0,0.0015,0.0,0.0,0.0131579,0.004902,0.0037313,0.0018149,0.0,0.0,0.0,0.0058997,0.0069444,0.0061538,0.0015,0.0,0.0,0.0,0.006993,0.0081967,0.0,0.0040323,0.0047847,0.0015,0.009009,0.0,0.0074627,0.0,0.0,0.0,0.0015,0.0294118,0.0,0.0,0.0,0.0,0.0015
Northern Hawk Owl,0.0015,0.0,0.0,0.0,0.0015,0.0222222,0.0,0.0,0.0,0.0,0.0,0.0,0.0,0.0,0.0,0.0,0.0,0.0,0.0,0.0,0.0,0.0,0.0,0.0,0.0,0.0,0.0,0.0,0.0,0.0,0.0,0.0,0.0,0.0,0.0,0.0,0.0,0.0,0.0,0.0,0.0,0.0,0.0,0.0,0.0357143,0.0,0.0,0.0
Barred Owl,0.0015,0.0,0.0,0.0232558,0.0,0.0,0.0,0.0,0.0,0.0,0.0285714,0.0015,0.0196078,0.0140845,0.0114286,0.004386,0.0098039,0.0186567,0.0127042,0.0054127,0.0025189,0.0134615,0.0265487,0.0017361,0.0153846,0.0033223,0.0079365,0.0072289,0.0410557,0.027972,0.0040984,0.0135593,0.0040323,0.0095694,0.0123457,0.009009,0.0105263,0.0074627,0.0,0.0,0.0,0.0,0.0015,0.0,0.0,0.0,0.0,0.0015
Great Gray Owl,0.0,0.0,0.0,0.0,0.0,0.0,0.0,0.0,0.0,0.0,0.0,0.0,0.0,0.0,0.0015,0.0,0.0,0.0,0.0,0.0,0.0,0.0,0.0029499,0.0,0.0,0.0,0.0,0.0,0.0,0.0,0.0,0.0,0.0015,0.0,0.0,0.0,0.0,0.0,0.0,0.0,0.0,0.0,0.0,0.0,0.0,0.0,0.0,0.0
Long-eared Owl,0.0,0.0,0.0,0.0,0.0,0.0,0.0,0.0,0.0,0.0,0.0,0.0,0.0,0.0140845,0.0,0.0,0.0,0.0,0.0,0.0,0.0,0.0,0.0029499,0.0,0.0,0.0,0.0,0.0,0.0,0.0,0.0,0.0,0.0,0.0,0.0,0.0,0.0,0.0,0.0,0.0,0.0,0.0,0.0,0.0,0.0357143,0.0,0.0,0.0
Short-eared Owl,0.0,0.0,0.0,0.0,0.0,0.0,0.0,0.0,0.0,0.0,0.0,0.0,0.0,0.0,0.0,0.0,0.0,0.0,0.0,0.0,0.0015,0.0,0.0,0.0,0.0,0.0,0.0,0.0,0.0,0.0,0.0,0.0,0.0,0.0,0.0,0.0,0.0,0.0,0.0,0.0,0.0,0.0,0.0,0.0,0.0,0.0,0.0,0.0
Northern Saw-whet Owl,0.0,0.0,0.0,0.0,0.0,0.0,0.0015,0.0,0.0,0.0,0.0,0.0,0.0,0.0,0.0,0.004386,0.004902,0.011194,0.0018149,0.0013532,0.0075567,0.0,0.0029499,0.0017361,0.0,0.0,0.0,0.0015,0.0,0.0,0.0,0.0,0.0,0.0,0.0,0.0,0.0,0.0,0.0,0.0,0.0,0.0,0.0,0.0,0.0,0.0,0.0,0.0015
Belted Kingfisher,0.0,0.0,0.0,0.0,0.0,0.0,0.0,0.0,0.0,0.0,0.0285714,0.0,0.0196078,0.0985915,0.0971429,0.2807018,0.2205882,0.1567164,0.2323049,0.1623816,0.1612091,0.2,0.2507375,0.2430556,0.2738462,0.3621262,0.3492063,0.3662651,0.3958944,0.4265734,0.4795082,0.4576271,0.4395161,0.4449761,0.4382716,0.3198198,0.3052632,0.1119403,0.0561798,0.0675676,0.0416667,0.0,0.0,0.0,0.0,0.0,0.0,0.0
Yellow-bellied Sapsucker,0.0,0.0,0.0,0.0,0.0,0.0,0.0,0.0,0.0,0.0,0.0,0.0,0.0392157,0.1408451,0.0742857,0.1447368,0.122549,0.0970149,0.0417423,0.0487145,0.0629723,0.0442308,0.0766962,0.0798611,0.0830769,0.0564784,0.031746,0.0313253,0.0674487,0.0384615,0.0368852,0.0305085,0.0241935,0.0143541,0.0679012,0.0315315,0.0263158,0.0074627,0.0,0.0,0.0,0.0,0.0,0.0015,0.0,0.0,0.0,0.0
Red-headed Woodpecker,0.0,0.0,0.0,0.0,0.0,0.0,0.0,0.0,0.0,0.0,0.0,0.0,0.0,0.0,0.0,0.0131579,0.0098039,0.0261194,0.0145191,0.0108254,0.0025189,0.0015,0.0,0.0015,0.0030769,0.0015,0.0,0.0048193,0.0,0.0,0.0015,0.0,0.0040323,0.0,0.0,0.0,0.0,0.0074627,0.0337079,0.0,0.0,0.0,0.0,0.0,0.0,0.0,0.0,0.0
Red-bellied Woodpecker,0.0212766,0.0416667,0.05,0.0697674,0.0909091,0.1111111,0.2,0.1111111,0.08,0.125,0.1428571,0.0793651,0.0588235,0.056338,0.0114286,0.0438596,0.0637255,0.0559701,0.0381125,0.0202977,0.0201511,0.0230769,0.0294985,0.0173611,0.0153846,0.0033223,0.0119048,0.0024096,0.0087977,0.0104895,0.0409836,0.0101695,0.0080645,0.0095694,0.0,0.0135135,0.0157895,0.0298507,0.0786517,0.0675676,0.0625,0.0769231,0.0882353,0.0588235,0.0357143,0.1,0.0666667,0.0384615
American Three-toed Woodpecker,0.0,0.0,0.0,0.0,0.0,0.0,0.0,0.0,0.0,0.0,0.0,0.0,0.0,0.0,0.0,0.0,0.0,0.0,0.0,0.0,0.0,0.0,0.0,0.0,0.0,0.0,0.0,0.0,0.0,0.0,0.0,0.0,0.0,0.0,0.0,0.0,0.0,0.0,0.0,0.0,0.0,0.0,0.0,0.0,0.0,0.0,0.0015,0.0
Black-backed Woodpecker,0.0,0.0,0.0,0.0,0.0,0.0222222,0.0,0.0,0.0,0.0,0.0285714,0.0,0.0,0.0,0.0,0.004386,0.0,0.011194,0.0018149,0.0108254,0.0100756,0.0173077,0.0235988,0.0086806,0.0184615,0.0099668,0.0119048,0.0048193,0.0146628,0.0034965,0.0163934,0.0169492,0.0201613,0.0191388,0.0,0.0135135,0.0052632,0.0074627,0.0,0.0135135,0.0416667,0.025641,0.0015,0.0015,0.0,0.0,0.0,0.0192308
Downy Woodpecker,0.4042553,0.5833333,0.2,0.4418605,0.5454545,0.4222222,0.6,0.5555556,0.4,0.4166667,0.4571429,0.4603175,0.2745098,0.3239437,0.1257143,0.1666667,0.1715686,0.1492537,0.107078,0.067659,0.0453401,0.0480769,0.0442478,0.0538194,0.08,0.0730897,0.1031746,0.1060241,0.1935484,0.2167832,0.2540984,0.2033898,0.2217742,0.2344498,0.1666667,0.2162162,0.2473684,0.2089552,0.2359551,0.3108108,0.4166667,0.3846154,0.4705882,0.372549,0.4642857,0.7,0.5333333,0.4807692
Hairy Woodpecker,0.2340426,0.375,0.25,0.3953488,0.5151515,0.3111111,0.3764706,0.5185185,0.2,0.3333333,0.3714286,0.2539683,0.1568627,0.1971831,0.1028571,0.127193,0.1176471,0.119403,0.1324864,0.1001353,0.0806045,0.0865385,0.1091445,0.1041667,0.16,0.1129568,0.1230159,0.1108434,0.1935484,0.2237762,0.2622951,0.2067797,0.2419355,0.2200957,0.2160494,0.1801802,0.1526316,0.1865672,0.1573034,0.2162162,0.3125,0.3333333,0.4117647,0.254902,0.3571429,0.45,0.3333333,0.4038462
Pileated Woodpecker,0.0851064,0.2083333,0.1,0.1395349,0.0909091,0.0666667,0.1529412,0.1851852,0.08,0.2916667,0.2571429,0.1587302,0.1176471,0.2676056,0.0685714,0.122807,0.1617647,0.108209,0.0889292,0.0757781,0.070529,0.1038462,0.1150442,0.0642361,0.0769231,0.0930233,0.0674603,0.0481928,0.0967742,0.1153846,0.1065574,0.1525424,0.1491935,0.1818182,0.1790123,0.2072072,0.1736842,0.0970149,0.1685393,0.2432432,0.1875,0.1025641,0.2058824,0.0980392,0.25,0.2,0.0666667,0.1538462
Northern Flicker,0.0,0.0,0.0,0.0,0.0,0.0,0.0,0.0,0.0,0.0,0.0285714,0.0634921,0.0784314,0.2957746,0.3428571,0.3684211,0.372549,0.3246269,0.3575318,0.3139378,0.279597,0.3038462,0.3657817,0.3402778,0.3753846,0.3654485,0.265873,0.253012,0.3313783,0.2552448,0.3729508,0.3864407,0.483871,0.4736842,0.4012346,0.2612613,0.1315789,0.0597015,0.0224719,0.0135135,0.0208333,0.0,0.0,0.0,0.0,0.0,0.0,0.0
American Kestrel,0.0,0.0,0.0,0.0,0.0,0.0,0.0,0.0,0.0,0.0,0.0,0.031746,0.0015,0.028169,0.24,0.1184211,0.0637255,0.0447761,0.0362976,0.0324763,0.0151134,0.0384615,0.0176991,0.0277778,0.0369231,0.0398671,0.031746,0.0385542,0.0234604,0.0314685,0.0286885,0.0508475,0.0564516,0.0478469,0.0246914,0.036036,0.0263158,0.0373134,0.011236,0.0135135,0.0208333,0.0,0.0,0.0,0.0,0.0,0.0,0.0
Merlin,0.0,0.0,0.0,0.0,0.030303,0.0,0.0,0.0,0.0,0.0,0.0,0.015873,0.0196078,0.0422535,0.0571429,0.0833333,0.1176471,0.0597015,0.0871143,0.0649526,0.0528967,0.0634615,0.0707965,0.0538194,0.0676923,0.0664452,0.0753968,0.0891566,0.0762463,0.1013986,0.1106557,0.0779661,0.125,0.0909091,0.0740741,0.036036,0.0736842,0.0223881,0.0674157,0.0,0.0208333,0.0,0.0,0.0,0.0,0.0,0.0015,0.0
Gyrfalcon,0.0,0.0,0.0,0.0,0.0,0.0,0.0,0.0,0.0,0.0,0.0,0.015873,0.0,0.0,0.0,0.0,0.0,0.0,0.0,0.0,0.0,0.0,0.0,0.0,0.0,0.0,0.0,0.0,0.0,0.0,0.0,0.0,0.0,0.0,0.0,0.0,0.0,0.0,0.0,0.0,0.0,0.0,0.0,0.0,0.0,0.0,0.0,0.0
Peregrine Falcon,0.0,0.0,0.0,0.0,0.0,0.0,0.0,0.0,0.0,0.0,0.0,0.0,0.0,0.0,0.0114286,0.004386,0.0,0.0,0.0015,0.0040595,0.0015,0.0015,0.0058997,0.0017361,0.0,0.0066445,0.0079365,0.0024096,0.0029326,0.0034965,0.0081967,0.0135593,0.0201613,0.0047847,0.0123457,0.0135135,0.0105263,0.0,0.0,0.0,0.0,0.025641,0.0,0.0,0.0,0.0,0.0,0.0
Olive-sided Flycatcher,0.0,0.0,0.0,0.0,0.0,0.0,0.0,0.0,0.0,0.0,0.0,0.0,0.0,0.0,0.0,0.0,0.0,0.0,0.0036298,0.0216509,0.0403023,0.0192308,0.0147493,0.0277778,0.0123077,0.0199336,0.0119048,0.0048193,0.0087977,0.020979,0.0081967,0.0,0.0015,0.0,0.0,0.0,0.0,0.0,0.0,0.0,0.0,0.0,0.0,0.0,0.0,0.0,0.0,0.0
Eastern Wood-Pewee,0.0,0.0,0.0,0.0,0.0,0.0,0.0,0.0,0.0,0.0,0.0,0.0,0.0,0.0,0.0,0.0,0.0,0.0037313,0.0181488,0.0838972,0.1435768,0.1,0.1061947,0.1232639,0.1323077,0.1129568,0.0912698,0.0843373,0.1612903,0.1433566,0.1803279,0.1322034,0.0564516,0.0382775,0.0123457,0.0,0.0,0.0,0.0,0.0,0.0,0.0,0.0,0.0,0.0,0.0,0.0,0.0
Yellow-bellied Flycatcher,0.0,0.0,0.0,0.0,0.0,0.0,0.0,0.0,0.0,0.0,0.0,0.0,0.0,0.0,0.0,0.0,0.0,0.0037313,0.0090744,0.0284168,0.0251889,0.0153846,0.0088496,0.0017361,0.0092308,0.0066445,0.0119048,0.0144578,0.0058651,0.0174825,0.0040984,0.0067797,0.0080645,0.0,0.0,0.0045045,0.0,0.0,0.0,0.0,0.0,0.0,0.0,0.0,0.0,0.0,0.0,0.0
Alder Flycatcher,0.0,0.0,0.0,0.0,0.0,0.0,0.0,0.0,0.0,0.0,0.0,0.0,0.0,0.0,0.0,0.0,0.0,0.0037313,0.0326679,0.2259811,0.2921914,0.2557692,0.2477876,0.1302083,0.0769231,0.076412,0.0992063,0.1349398,0.111437,0.0839161,0.0286885,0.0101695,0.0040323,0.0,0.0,0.0,0.0,0.0,0.0,0.0,0.0,0.0,0.0,0.0,0.0,0.0,0.0,0.0
Least Flycatcher,0.0,0.0,0.0,0.0,0.0,0.0,0.0,0.0,0.0,0.0,0.0,0.0,0.0,0.0,0.0,0.0,0.0294118,0.0783582,0.1288566,0.1556157,0.1007557,0.1038462,0.1474926,0.1041667,0.1015385,0.0564784,0.0238095,0.0216867,0.0410557,0.041958,0.045082,0.0338983,0.0322581,0.0239234,0.0123457,0.0045045,0.0,0.0,0.0,0.0,0.0,0.0,0.0,0.0,0.0,0.0,0.0,0.0
Eastern Phoebe,0.0,0.0,0.0,0.0,0.0,0.0,0.0,0.0,0.0,0.0,0.0285714,0.015873,0.0784314,0.1690141,0.0914286,0.1929825,0.2107843,0.1343284,0.1778584,0.1569689,0.1486146,0.1346154,0.1415929,0.0989583,0.1446154,0.1328904,0.1230159,0.1421687,0.1818182,0.1993007,0.2172131,0.1627119,0.2016129,0.1722488,0.1049383,0.1036036,0.0578947,0.0223881,0.011236,0.0,0.0,0.0,0.0,0.0,0.0,0.0,0.0,0.0
Great Crested Flycatcher,0.0,0.0,0.0,0.0,0.0,0.0,0.0,0.0,0.0,0.0,0.0,0.0,0.0,0.0,0.0,0.0,0.004902,0.0074627,0.0290381,0.0446549,0.0478589,0.0442308,0.1091445,0.0503472,0.04,0.0166113,0.031746,0.0096386,0.0293255,0.013986,0.0163934,0.0169492,0.0,0.0,0.0,0.0,0.0,0.0,0.0,0.0,0.0,0.0,0.0,0.0,0.0,0.0,0.0,0.0
Western Kingbird,0.0,0.0,0.0,0.0,0.0,0.0,0.0,0.0,0.0,0.0,0.0,0.0,0.0,0.0,0.0,0.0,0.0,0.0,0.0,0.0067659,0.0,0.0,0.0,0.0,0.0,0.0,0.0,0.0,0.0,0.0,0.0,0.0,0.0040323,0.0047847,0.0015,0.0,0.0,0.0,0.0337079,0.0,0.0,0.0,0.0,0.0,0.0,0.0,0.0,0.0
Eastern Kingbird,0.0,0.0,0.0,0.0,0.0,0.0,0.0,0.0,0.0,0.0,0.0,0.0,0.0,0.0,0.0,0.0,0.0098039,0.0410448,0.2377495,0.3396482,0.3123426,0.2923077,0.380531,0.3194444,0.3353846,0.3787375,0.3412698,0.4120482,0.4222874,0.4055944,0.3893443,0.2576271,0.0766129,0.062201,0.0,0.0,0.0,0.0,0.0,0.0,0.0,0.0,0.0,0.0,0.0,0.0,0.0,0.0
Yellow-throated Vireo,0.0,0.0,0.0,0.0,0.0,0.0,0.0,0.0,0.0,0.0,0.0,0.0,0.0,0.0,0.0,0.0,0.0,0.0,0.0036298,0.0,0.0,0.0038462,0.0015,0.0,0.0,0.0033223,0.0,0.0,0.0,0.0,0.0,0.0,0.0,0.0,0.0,0.0,0.0,0.0,0.0,0.0,0.0,0.0,0.0,0.0,0.0,0.0,0.0,0.0
Blue-headed Vireo,0.0,0.0,0.0,0.0,0.0,0.0,0.0,0.0,0.0,0.0,0.0,0.0,0.0,0.0,0.0,0.004386,0.0490196,0.0708955,0.0852995,0.0473613,0.0478589,0.0615385,0.0884956,0.0642361,0.08,0.0598007,0.0793651,0.0433735,0.0439883,0.041958,0.0409836,0.0169492,0.0241935,0.0287081,0.0246914,0.027027,0.0105263,0.0074627,0.0,0.0,0.0,0.0,0.0,0.0,0.0,0.0,0.0,0.0
Philadelphia Vireo,0.0,0.0,0.0,0.0,0.0,0.0,0.0,0.0,0.0,0.0,0.0,0.0,0.0,0.0,0.0,0.0,0.0,0.0037313,0.0108893,0.0270636,0.0201511,0.0,0.0,0.0,0.0030769,0.0,0.0,0.0,0.0015,0.0104895,0.0,0.0169492,0.0120968,0.0191388,0.0,0.0045045,0.0,0.0,0.0,0.0,0.0,0.0,0.0,0.0,0.0,0.0,0.0,0.0
Eastern Warbling Vireo,0.0,0.0,0.0,0.0,0.0,0.0,0.0,0.0,0.0,0.0,0.0,0.0,0.0,0.0,0.0,0.0,0.004902,0.0037313,0.0344828,0.0744249,0.0654912,0.0942308,0.0825959,0.0260417,0.0246154,0.013289,0.0277778,0.0120482,0.0117302,0.0314685,0.0081967,0.0135593,0.0201613,0.0,0.0,0.0,0.0,0.0,0.0,0.0,0.0,0.0,0.0,0.0,0.0,0.0,0.0,0.0
Red-eyed Vireo,0.0,0.0,0.0,0.0,0.0,0.0,0.0,0.0,0.0,0.0,0.0,0.0,0.0,0.0,0.0,0.0,0.0,0.0223881,0.1524501,0.4411367,0.4735516,0.5211538,0.5988201,0.5208333,0.5230769,0.5116279,0.4404762,0.313253,0.3343109,0.3251748,0.3278689,0.3220339,0.1895161,0.1244019,0.0679012,0.009009,0.0052632,0.0,0.0,0.0,0.0,0.0,0.0,0.0,0.0,0.0,0.0,0.0
Loggerhead Shrike,0.0,0.0,0.0,0.0,0.0,0.0,0.0,0.0,0.0,0.0,0.0,0.0,0.0,0.0,0.0,0.0,0.004902,0.0037313,0.0,0.0,0.0,0.0,0.0,0.0,0.0,0.0,0.0,0.0,0.0,0.0,0.0,0.0,0.0,0.0,0.0,0.0,0.0,0.0,0.0,0.0,0.0,0.0,0.0,0.0,0.0,0.0,0.0,0.0
Northern Shrike,0.0212766,0.0833333,0.05,0.0232558,0.0606061,0.0,0.0352941,0.037037,0.04,0.0,0.0,0.031746,0.0015,0.0015,0.0057143,0.0015,0.0,0.0,0.0,0.0,0.0,0.0,0.0,0.0,0.0,0.0,0.0,0.0,0.0,0.0,0.0,0.0,0.0,0.0,0.0,0.0,0.0,0.0223881,0.011236,0.027027,0.0416667,0.025641,0.0294118,0.0980392,0.0714286,0.05,0.1333333,0.1346154
Canada Jay,0.0,0.0,0.0,0.0,0.0015,0.0,0.0117647,0.0,0.04,0.0,0.0285714,0.0,0.0,0.0015,0.0,0.004386,0.0015,0.0015,0.0054446,0.0040595,0.0025189,0.0057692,0.0058997,0.0052083,0.0061538,0.0033223,0.0,0.0048193,0.0,0.0,0.0040984,0.0,0.016129,0.0095694,0.0185185,0.0045045,0.0052632,0.0149254,0.011236,0.0,0.0625,0.0,0.0,0.0,0.0,0.0,0.0015,0.0576923
Blue Jay,0.2340426,0.25,0.2,0.3953488,0.4545455,0.3111111,0.3882353,0.2592593,0.16,0.2916667,0.3142857,0.2539683,0.0980392,0.1971831,0.1028571,0.1359649,0.2254902,0.3731343,0.4337568,0.3653586,0.3627204,0.2692308,0.3421829,0.3038194,0.3630769,0.3355482,0.3253968,0.3493976,0.4046921,0.4230769,0.4590164,0.4745763,0.4677419,0.5263158,0.4876543,0.3468468,0.3526316,0.3059701,0.3146067,0.3648649,0.3333333,0.3076923,0.4117647,0.2352941,0.4642857,0.35,0.3333333,0.4038462
American Crow,0.3617021,0.1666667,0.3,0.3255814,0.2121212,0.3333333,0.2,0.3703704,0.24,0.5416667,0.6,0.6190476,0.4117647,0.5070423,0.3771429,0.3377193,0.3333333,0.3880597,0.4500907,0.4519621,0.4030227,0.4230769,0.4719764,0.4201389,0.3876923,0.4385382,0.3968254,0.4433735,0.4164223,0.4475524,0.4836066,0.5186441,0.5241935,0.5215311,0.4691358,0.527027,0.5157895,0.6119403,0.5505618,0.5135135,0.2291667,0.5897436,0.4117647,0.3333333,0.4285714,0.55,0.3333333,0.4807692
Common Raven,0.2978723,0.25,0.35,0.3255814,0.3030303,0.1111111,0.2470588,0.2962963,0.4,0.375,0.2857143,0.2857143,0.2156863,0.3098592,0.1485714,0.1842105,0.254902,0.1529851,0.199637,0.173207,0.1939547,0.1730769,0.2123894,0.1666667,0.1753846,0.1827243,0.1706349,0.1638554,0.1935484,0.2377622,0.2786885,0.2508475,0.2258065,0.2488038,0.2530864,0.3018018,0.2631579,0.3656716,0.3595506,0.472973,0.3333333,0.3846154,0.3529412,0.3333333,0.4285714,0.45,0.2666667,0.5384615
Black-capped Chickadee,0.6808511,0.6666667,0.4,0.5116279,0.8484848,0.7111111,0.8117647,0.6296296,0.68,0.75,0.6857143,0.6507937,0.4509804,0.5211268,0.3028571,0.4166667,0.3921569,0.3544776,0.415608,0.3410014,0.2745592,0.2634615,0.3274336,0.3020833,0.3846154,0.4219269,0.4246032,0.4795181,0.5073314,0.5944056,0.5696721,0.5661017,0.625,0.6124402,0.5740741,0.5900901,0.5210526,0.5671642,0.5617978,0.6216216,0.625,0.7179487,0.5882353,0.5490196,0.6428571,0.8,0.7333333,0.6346154
Boreal Chickadee,0.0,0.0,0.0015,0.0,0.0,0.0222222,0.0,0.0,0.0,0.0,0.0,0.0,0.0,0.0,0.0,0.0,0.0015,0.0,0.0,0.0,0.0,0.0,0.0,0.0,0.0,0.0033223,0.0,0.0,0.0015,0.0,0.0,0.0,0.0,0.0,0.0,0.0,0.0,0.0074627,0.0,0.0,0.0,0.0,0.0,0.0015,0.0,0.0,0.0,0.0192308
Horned Lark,0.0,0.0,0.0,0.0,0.0,0.0,0.0117647,0.0,0.0,0.0,0.0,0.0,0.0,0.0,0.0,0.004386,0.0,0.011194,0.0054446,0.0013532,0.0,0.0,0.0,0.0,0.0030769,0.0,0.0,0.0,0.0,0.0,0.0,0.0,0.0,0.0095694,0.0123457,0.0585586,0.0421053,0.0223881,0.0786517,0.0540541,0.0208333,0.0,0.0,0.0392157,0.0,0.0015,0.0,0.0
Bank Swallow,0.0,0.0,0.0,0.0,0.0,0.0,0.0,0.0,0.0,0.0,0.0,0.0,0.0,0.0,0.0,0.0,0.0,0.011194,0.0072595,0.0243572,0.0201511,0.0326923,0.0117994,0.0086806,0.0153846,0.0099668,0.0015,0.0015,0.0029326,0.0034965,0.0040984,0.0,0.0,0.0,0.0061728,0.0,0.0,0.0,0.0,0.0,0.0,0.0,0.0,0.0,0.0,0.0,0.0,0.0
Tree Swallow,0.0,0.0,0.0,0.0,0.0,0.0,0.0,0.0,0.0,0.0,0.0,0.0,0.0196078,0.0422535,0.08,0.127193,0.1960784,0.238806,0.2431942,0.2165088,0.2166247,0.2134615,0.2035398,0.1336806,0.1230769,0.0830565,0.0714286,0.0337349,0.0293255,0.0454545,0.0409836,0.0067797,0.0080645,0.0047847,0.0015,0.0,0.0,0.0,0.0,0.0,0.0,0.0,0.0,0.0,0.0,0.0,0.0,0.0
Purple Martin,0.0,0.0,0.0,0.0,0.0,0.0,0.0,0.0,0.0,0.0,0.0,0.0,0.0,0.0,0.0,0.004386,0.0,0.0037313,0.0072595,0.0081191,0.0100756,0.0096154,0.0176991,0.0052083,0.0153846,0.0066445,0.0015,0.0072289,0.0,0.0,0.0015,0.0,0.0,0.0,0.0,0.0,0.0,0.0,0.0,0.0,0.0,0.0,0.0,0.0,0.0,0.0,0.0,0.0
Northern Rough-winged Swallow,0.0,0.0,0.0,0.0,0.0,0.0,0.0,0.0,0.0,0.0,0.0,0.0,0.0,0.0,0.0,0.004386,0.0098039,0.0074627,0.0145191,0.0162382,0.0151134,0.0153846,0.0235988,0.0069444,0.0276923,0.0066445,0.0119048,0.0015,0.0117302,0.0034965,0.0040984,0.0015,0.0,0.0,0.0,0.0,0.0,0.0,0.0,0.0,0.0,0.0,0.0,0.0,0.0,0.0,0.0,0.0
Barn Swallow,0.0,0.0,0.0,0.0,0.0,0.0,0.0,0.0,0.0,0.0,0.0,0.0,0.0,0.0,0.0,0.0219298,0.0294118,0.0447761,0.0580762,0.0744249,0.070529,0.0884615,0.0914454,0.0434028,0.0430769,0.0531561,0.0357143,0.0313253,0.0175953,0.0244755,0.0368852,0.0135593,0.0040323,0.0,0.0,0.0,0.0,0.0,0.0,0.0,0.0,0.0,0.0,0.0,0.0,0.0,0.0,0.0
Cliff Swallow,0.0,0.0,0.0,0.0,0.0,0.0,0.0,0.0,0.0,0.0,0.0,0.0,0.0,0.0,0.0,0.0,0.0,0.0037313,0.0036298,0.0067659,0.0100756,0.0076923,0.0176991,0.0104167,0.0123077,0.0099668,0.0039683,0.0072289,0.0058651,0.0,0.0,0.0,0.0,0.0,0.0,0.0,0.0,0.0,0.0,0.0,0.0,0.0,0.0,0.0,0.0,0.0,0.0,0.0
Ruby-crowned Kinglet,0.0,0.0,0.0,0.0,0.0,0.0,0.0,0.0,0.0,0.0,0.0,0.0,0.0,0.028169,0.08,0.2368421,0.2009804,0.1529851,0.0834846,0.02977,0.0377834,0.0346154,0.0265487,0.015625,0.0092308,0.0066445,0.0119048,0.0048193,0.0029326,0.0104895,0.0122951,0.0169492,0.0241935,0.0191388,0.0308642,0.0765766,0.1,0.0895522,0.0224719,0.027027,0.0,0.0,0.0,0.0,0.0,0.0,0.0,0.0
Golden-crowned Kinglet,0.0638298,0.0833333,0.0015,0.0232558,0.0,0.0,0.0235294,0.037037,0.12,0.0015,0.1428571,0.1428571,0.1372549,0.1126761,0.12,0.2105263,0.1127451,0.0447761,0.0435572,0.0230041,0.0352645,0.0519231,0.0530973,0.0416667,0.0584615,0.0265781,0.0436508,0.0385542,0.0791789,0.0874126,0.0696721,0.0542373,0.0483871,0.0813397,0.1358025,0.1891892,0.1894737,0.2014925,0.1797753,0.2432432,0.125,0.2307692,0.0882353,0.0392157,0.0714286,0.15,0.0,0.1538462
White-breasted Nuthatch,0.2978723,0.3333333,0.15,0.3023256,0.3030303,0.2444444,0.4352941,0.4444444,0.24,0.3333333,0.3428571,0.2063492,0.0784314,0.1830986,0.0514286,0.0614035,0.0490196,0.0335821,0.0272232,0.0243572,0.0251889,0.0288462,0.0235988,0.0260417,0.0553846,0.0365449,0.0436508,0.0578313,0.058651,0.0874126,0.0860656,0.0949153,0.108871,0.1100478,0.1234568,0.1216216,0.0947368,0.0970149,0.1011236,0.1756757,0.2708333,0.2564103,0.3529412,0.3137255,0.2857143,0.35,0.4,0.2307692
Red-breasted Nuthatch,0.4680851,0.4166667,0.3,0.4186047,0.6666667,0.5111111,0.5176471,0.5555556,0.36,0.5416667,0.5142857,0.3968254,0.254902,0.3380282,0.1771429,0.2192982,0.2598039,0.2238806,0.2050817,0.1745602,0.1435768,0.1423077,0.1976401,0.1701389,0.2492308,0.2225914,0.2619048,0.2506024,0.3958944,0.4055944,0.4221311,0.3932203,0.4233871,0.3636364,0.3580247,0.3153153,0.3052632,0.261194,0.2134831,0.4324324,0.3541667,0.4615385,0.5294118,0.3921569,0.5,0.7,0.7333333,0.4230769
Brown Creeper,0.0425532,0.0833333,0.0,0.0697674,0.030303,0.0,0.0235294,0.0740741,0.0,0.125,0.1714286,0.1111111,0.0980392,0.1830986,0.1142857,0.127193,0.0931373,0.0746269,0.0435572,0.0243572,0.0125945,0.0307692,0.0324484,0.0329861,0.0553846,0.0365449,0.047619,0.0313253,0.0615836,0.0699301,0.0655738,0.0644068,0.0483871,0.0478469,0.0679012,0.0810811,0.0526316,0.0597015,0.0674157,0.0675676,0.0625,0.1025641,0.2058824,0.0980392,0.0714286,0.1,0.0666667,0.0769231
Blue-gray Gnatcatcher,0.0,0.0,0.0,0.0,0.0,0.0,0.0,0.0,0.0,0.0,0.0,0.0,0.0,0.0,0.0,0.004386,0.0147059,0.011194,0.0235935,0.0081191,0.0015,0.0,0.0,0.0,0.0061538,0.0,0.0,0.0015,0.0,0.0,0.0,0.0,0.0,0.0,0.0,0.0,0.0,0.0,0.0,0.0,0.0,0.0,0.0,0.0,0.0,0.0,0.0,0.0
Northern House Wren,0.0,0.0,0.0,0.0,0.0,0.0,0.0,0.0,0.0,0.0,0.0,0.0,0.0,0.0,0.0,0.0087719,0.0147059,0.0149254,0.0490018,0.0595399,0.0377834,0.0519231,0.0353982,0.0538194,0.0553846,0.0332226,0.031746,0.0240964,0.0117302,0.0314685,0.0081967,0.0101695,0.016129,0.0047847,0.0,0.0,0.0,0.0,0.0,0.0,0.0,0.0,0.0,0.0,0.0,0.0,0.0,0.0
Winter Wren,0.0,0.0,0.0,0.0,0.0,0.0,0.0,0.0,0.0,0.0,0.0,0.015873,0.0392157,0.1267606,0.0285714,0.0482456,0.1176471,0.0932836,0.0453721,0.0284168,0.0554156,0.0365385,0.0619469,0.0555556,0.0676923,0.0664452,0.0912698,0.0337349,0.0322581,0.041958,0.0286885,0.0067797,0.0080645,0.0047847,0.0061728,0.0135135,0.0052632,0.0074627,0.011236,0.0135135,0.0,0.0,0.0,0.0,0.0,0.0,0.0,0.0
Sedge Wren,0.0,0.0,0.0,0.0,0.0,0.0,0.0,0.0,0.0,0.0,0.0,0.0,0.0,0.0,0.0,0.0,0.004902,0.011194,0.0580762,0.0703654,0.0806045,0.0826923,0.120944,0.0711806,0.0861538,0.0797342,0.0634921,0.0457831,0.0439883,0.0174825,0.0122951,0.0067797,0.0040323,0.0143541,0.0,0.0045045,0.0,0.0,0.0,0.0,0.0,0.0,0.0,0.0,0.0,0.0,0.0,0.0
Marsh Wren,0.0,0.0,0.0,0.0,0.0,0.0,0.0,0.0,0.0,0.0,0.0,0.0,0.0,0.0,0.0,0.0,0.0015,0.0037313,0.0217786,0.037889,0.0377834,0.0480769,0.0501475,0.0538194,0.0461538,0.0332226,0.047619,0.0457831,0.0029326,0.0034965,0.0040984,0.0,0.0015,0.0,0.0,0.0,0.0,0.0,0.0,0.0,0.0,0.0,0.0,0.0,0.0,0.0,0.0,0.0
European Starling,0.0638298,0.0416667,0.05,0.0465116,0.0909091,0.0666667,0.1529412,0.0740741,0.16,0.0833333,0.0285714,0.047619,0.0392157,0.028169,0.0457143,0.0833333,0.0735294,0.0895522,0.1034483,0.1217862,0.1435768,0.1557692,0.1917404,0.1302083,0.0892308,0.0598007,0.0674603,0.0337349,0.0351906,0.027972,0.0368852,0.0338983,0.0443548,0.0478469,0.037037,0.036036,0.0526316,0.0746269,0.1797753,0.0810811,0.0208333,0.0,0.0588235,0.0392157,0.0357143,0.1,0.1333333,0.1923077
Gray Catbird,0.0,0.0,0.0,0.0,0.0,0.0,0.0,0.0,0.0,0.0,0.0,0.0,0.0,0.0,0.0,0.0,0.004902,0.0746269,0.1742287,0.2313938,0.1511335,0.1769231,0.1769912,0.1788194,0.1753846,0.1760797,0.1785714,0.1542169,0.1524927,0.2027972,0.1803279,0.1322034,0.1370968,0.1196172,0.1049383,0.1081081,0.0315789,0.0074627,0.0,0.0135135,0.0,0.0512821,0.0,0.0,0.0,0.0,0.0,0.0
Brown Thrasher,0.0,0.0,0.0,0.0,0.0,0.0,0.0,0.0,0.0,0.0,0.0,0.0,0.0,0.0,0.0057143,0.0570175,0.0931373,0.108209,0.1107078,0.0717185,0.0755668,0.0461538,0.079646,0.0381944,0.0461538,0.0232558,0.047619,0.0096386,0.0146628,0.013986,0.0040984,0.020339,0.0120968,0.0334928,0.0185185,0.0045045,0.0052632,0.0,0.0,0.0,0.0,0.0,0.0,0.0,0.0,0.0,0.0,0.0
Northern Mockingbird,0.0,0.0,0.0,0.0,0.0,0.0,0.0,0.0,0.0,0.0,0.0,0.0,0.0,0.0,0.0,0.0,0.0,0.0,0.0036298,0.0027064,0.0025189,0.0019231,0.0,0.0,0.0,0.0,0.0,0.0024096,0.0,0.0,0.0,0.0,0.0,0.0,0.0,0.0,0.0,0.0,0.0,0.0,0.0,0.0,0.0,0.0,0.0,0.0,0.0,0.0
Eastern Bluebird,0.0,0.0,0.0,0.0,0.0,0.0,0.0,0.0,0.0,0.0,0.0,0.0,0.0,0.0,0.0285714,0.0350877,0.0245098,0.0335821,0.0290381,0.0608931,0.0654912,0.0269231,0.0648968,0.0434028,0.0369231,0.0332226,0.031746,0.0096386,0.0205279,0.013986,0.0163934,0.0271186,0.0120968,0.0143541,0.0015,0.036036,0.0368421,0.0223881,0.1573034,0.0135135,0.0,0.0,0.0,0.0,0.0,0.0,0.0,0.0
Mountain Bluebird,0.0,0.0,0.0,0.0,0.0,0.0,0.0,0.0,0.0,0.0,0.0,0.0,0.0,0.0,0.0,0.0,0.0,0.0,0.0,0.0,0.0,0.0,0.0,0.0,0.0,0.0,0.0,0.0,0.0,0.0,0.0,0.0,0.0,0.0,0.0,0.0,0.0,0.0,0.0561798,0.0,0.0,0.0,0.0,0.0,0.0,0.0,0.0,0.0
Townsend's Solitaire,0.0,0.0,0.0,0.0232558,0.0,0.0,0.0,0.0,0.0,0.0,0.0,0.0,0.0,0.0,0.0,0.0,0.0,0.0,0.0,0.0,0.0,0.0,0.0,0.0,0.0,0.0,0.0,0.0,0.0,0.0,0.0,0.0,0.0,0.0,0.0,0.0,0.0,0.0,0.0,0.0,0.0,0.0,0.0,0.0,0.0,0.0,0.0015,0.0
Varied Thrush,0.0,0.0,0.0,0.0,0.0,0.0,0.0,0.0,0.0,0.0,0.0,0.0,0.0,0.0,0.0015,0.0,0.0,0.0,0.0,0.0,0.0,0.0,0.0,0.0,0.0,0.0,0.0,0.0,0.0,0.0,0.0,0.0,0.0,0.0,0.0,0.0,0.0,0.0,0.0,0.0,0.0,0.0,0.0,0.0,0.0,0.0,0.0,0.0
Veery,0.0,0.0,0.0,0.0,0.0,0.0,0.0,0.0,0.0,0.0,0.0,0.0,0.0,0.0,0.0,0.0,0.0,0.0037313,0.0435572,0.0392422,0.0428212,0.0346154,0.0678466,0.0572917,0.08,0.0498339,0.0277778,0.0168675,0.0058651,0.0174825,0.0081967,0.0033898,0.0,0.0,0.0061728,0.0,0.0,0.0,0.0,0.0,0.0,0.0,0.0,0.0,0.0,0.0,0.0,0.0
Gray-cheeked Thrush,0.0,0.0,0.0,0.0,0.0,0.0,0.0,0.0,0.0,0.0,0.0,0.0,0.0,0.0,0.0,0.0,0.0,0.0,0.0054446,0.0040595,0.0,0.0,0.0,0.0,0.0,0.0,0.0,0.0,0.0,0.0,0.0,0.0,0.0040323,0.0047847,0.0061728,0.0,0.0,0.0,0.0,0.0,0.0,0.0,0.0,0.0,0.0,0.0,0.0,0.0
Swainson's Thrush,0.0,0.0,0.0,0.0,0.0,0.0,0.0,0.0,0.0,0.0,0.0,0.0,0.0,0.0,0.0,0.0,0.004902,0.0074627,0.0272232,0.0202977,0.02267,0.0346154,0.0412979,0.0190972,0.0646154,0.0564784,0.0396825,0.0168675,0.0205279,0.0104895,0.0081967,0.0,0.0322581,0.0478469,0.0308642,0.036036,0.0052632,0.0,0.0,0.0,0.0,0.0,0.0,0.0,0.0,0.0,0.0,0.0
Hermit Thrush,0.0,0.0,0.0,0.0,0.0,0.0,0.0,0.0,0.0,0.0,0.0,0.0,0.0196078,0.0704225,0.08,0.1403509,0.122549,0.1268657,0.1578947,0.1366712,0.1813602,0.1307692,0.1917404,0.2256944,0.28,0.2392027,0.2261905,0.1349398,0.1407625,0.0524476,0.0368852,0.040678,0.0403226,0.0287081,0.0679012,0.0405405,0.0842105,0.0373134,0.0224719,0.0,0.0,0.0,0.0,0.0,0.0,0.0,0.0,0.0
Wood Thrush,0.0,0.0,0.0,0.0,0.0,0.0,0.0,0.0,0.0,0.0,0.0,0.0,0.0,0.0,0.0,0.0,0.004902,0.0149254,0.0145191,0.0257104,0.02267,0.0096154,0.0353982,0.0416667,0.04,0.0697674,0.0198413,0.0096386,0.0058651,0.006993,0.0015,0.0033898,0.0040323,0.0,0.0,0.0,0.0,0.0,0.0,0.0,0.0,0.0,0.0,0.0,0.0,0.0,0.0,0.0
American Robin,0.0212766,0.0416667,0.0,0.0015,0.0,0.0222222,0.1176471,0.037037,0.0015,0.0833333,0.1714286,0.1746032,0.1960784,0.5070423,0.4,0.4736842,0.495098,0.488806,0.4809437,0.5128552,0.4156171,0.4923077,0.560472,0.4878472,0.5415385,0.4883721,0.468254,0.4024096,0.398827,0.3636364,0.2704918,0.2305085,0.2258065,0.2105263,0.2716049,0.1936937,0.2263158,0.2164179,0.2247191,0.1621622,0.1041667,0.1794872,0.0882353,0.0,0.0357143,0.05,0.0,0.0384615
Bohemian Waxwing,0.106383,0.0833333,0.05,0.0015,0.030303,0.0,0.0015,0.0,0.0015,0.0,0.0,0.0,0.0,0.0,0.0,0.0015,0.0,0.0,0.0,0.0,0.0,0.0,0.0,0.0,0.0,0.0,0.0,0.0,0.0,0.0,0.0,0.0,0.0,0.0,0.0,0.0,0.0,0.0,0.0,0.0,0.0015,0.0769231,0.0015,0.0784314,0.0714286,0.0015,0.0666667,0.0576923
Cedar Waxwing,0.0212766,0.0833333,0.0,0.0232558,0.0,0.0015,0.0470588,0.0015,0.0,0.0416667,0.0285714,0.031746,0.0,0.0140845,0.0057143,0.0087719,0.0147059,0.0037313,0.030853,0.1826793,0.2972292,0.3634615,0.4306785,0.390625,0.5323077,0.538206,0.4761905,0.513253,0.516129,0.465035,0.5122951,0.3932203,0.3387097,0.2248804,0.117284,0.0945946,0.0631579,0.0074627,0.011236,0.027027,0.0,0.1025641,0.0588235,0.0196078,0.0714286,0.1,0.1333333,0.0769231
House Sparrow,0.0212766,0.0,0.0,0.0,0.0015,0.0,0.0,0.0,0.0015,0.0416667,0.0,0.0,0.0,0.0,0.0057143,0.004386,0.0196078,0.0037313,0.0054446,0.0067659,0.02267,0.0153846,0.0147493,0.015625,0.0215385,0.0033223,0.0079365,0.0144578,0.0029326,0.013986,0.0081967,0.0033898,0.0015,0.0095694,0.0,0.0,0.0015,0.0,0.0224719,0.0135135,0.0,0.0,0.0,0.0,0.0,0.0,0.0015,0.0192308
Eurasian Tree Sparrow,0.0,0.0,0.0,0.0,0.0,0.0,0.0,0.0,0.0,0.0,0.0,0.0,0.0,0.0,0.0,0.0,0.004902,0.0,0.0,0.0,0.0,0.0,0.0,0.0,0.0,0.0,0.0,0.0,0.0,0.0,0.0,0.0,0.0,0.0,0.0,0.0,0.0,0.0,0.0,0.0,0.0,0.0,0.0,0.0,0.0,0.0,0.0,0.0
American Pipit,0.0,0.0,0.0,0.0,0.0,0.0,0.0,0.0,0.0,0.0,0.0,0.0,0.0,0.0,0.0,0.0,0.004902,0.0186567,0.0181488,0.0040595,0.0,0.0,0.0,0.0,0.0,0.0,0.0,0.0,0.0,0.0,0.0,0.0,0.0,0.0526316,0.0432099,0.0675676,0.0947368,0.0597015,0.0449438,0.0540541,0.0416667,0.0,0.0,0.0,0.0,0.0,0.0,0.0
Evening Grosbeak,0.0638298,0.0416667,0.15,0.0,0.030303,0.0222222,0.0117647,0.037037,0.08,0.0416667,0.0857143,0.031746,0.0196078,0.028169,0.0171429,0.0175439,0.0245098,0.0261194,0.0072595,0.0108254,0.0151134,0.0096154,0.0147493,0.0086806,0.0184615,0.0033223,0.0,0.0072289,0.0146628,0.013986,0.0081967,0.0067797,0.0040323,0.0047847,0.0061728,0.0,0.0,0.0015,0.0224719,0.0405405,0.0416667,0.1025641,0.0,0.0196078,0.0015,0.0015,0.0666667,0.1153846
Pine Grosbeak,0.1276596,0.125,0.2,0.0930233,0.1212121,0.0888889,0.0941176,0.037037,0.08,0.0416667,0.0857143,0.015873,0.0,0.0,0.0,0.0,0.0,0.0037313,0.0,0.0,0.0,0.0,0.0,0.0,0.0,0.0,0.0,0.0,0.0,0.0,0.0,0.0,0.0,0.0,0.0,0.0,0.0,0.0,0.0,0.0,0.0625,0.0769231,0.0882353,0.1568627,0.1428571,0.2,0.0666667,0.1538462
House Finch,0.0212766,0.0,0.0,0.0,0.0015,0.0222222,0.0117647,0.0,0.16,0.0416667,0.0,0.0015,0.0015,0.0422535,0.0,0.004386,0.004902,0.011194,0.0,0.0081191,0.0075567,0.0019231,0.0088496,0.0069444,0.0153846,0.0033223,0.0119048,0.0168675,0.0029326,0.0104895,0.0081967,0.0,0.0040323,0.0015,0.0185185,0.0045045,0.0,0.0,0.0,0.0,0.0,0.0,0.0,0.0,0.0,0.0,0.0,0.0
Purple Finch,0.0638298,0.0015,0.15,0.0232558,0.030303,0.0444444,0.0117647,0.037037,0.08,0.0416667,0.1428571,0.0793651,0.0980392,0.1267606,0.0742857,0.0657895,0.1421569,0.0895522,0.076225,0.0554804,0.0579345,0.0692308,0.0884956,0.0659722,0.1384615,0.089701,0.0952381,0.113253,0.1495601,0.1363636,0.0901639,0.0440678,0.0483871,0.0574163,0.0308642,0.027027,0.0368421,0.0447761,0.0337079,0.1216216,0.0625,0.0512821,0.0882353,0.0392157,0.0357143,0.05,0.0015,0.1346154
Redpoll,0.1702128,0.0833333,0.2,0.1162791,0.2121212,0.1555556,0.2588235,0.0740741,0.36,0.25,0.2857143,0.1111111,0.0784314,0.0422535,0.0114286,0.0263158,0.004902,0.0,0.0,0.0,0.0,0.0,0.0,0.0,0.0,0.0,0.0,0.0,0.0,0.0,0.0,0.0,0.0,0.0,0.0,0.0,0.0,0.0,0.0,0.0945946,0.1458333,0.2051282,0.0882353,0.1176471,0.0714286,0.05,0.2666667,0.1538462
Red Crossbill,0.0,0.0015,0.05,0.0232558,0.0,0.0444444,0.0,0.037037,0.04,0.0416667,0.0285714,0.0015,0.0,0.0140845,0.0,0.004386,0.0196078,0.0,0.0,0.0013532,0.0100756,0.0019231,0.0058997,0.0017361,0.0030769,0.0033223,0.0039683,0.0168675,0.0234604,0.006993,0.0081967,0.0,0.0040323,0.0,0.0015,0.0045045,0.0,0.0074627,0.011236,0.0,0.0416667,0.0,0.0,0.0015,0.0357143,0.0,0.0,0.0384615
White-winged Crossbill,0.0425532,0.125,0.1,0.0465116,0.1515152,0.0444444,0.0117647,0.0740741,0.08,0.0833333,0.0285714,0.031746,0.0196078,0.0,0.0,0.004386,0.0015,0.0,0.0,0.0,0.0,0.0019231,0.0,0.0017361,0.0,0.0,0.0039683,0.0,0.0,0.0,0.0081967,0.0,0.0015,0.0,0.0,0.0,0.0,0.0,0.0,0.0,0.0416667,0.0512821,0.0294118,0.0,0.0357143,0.05,0.0,0.1346154
European Goldfinch,0.0,0.0,0.0,0.0,0.0,0.0,0.0,0.0,0.0,0.0,0.0,0.0,0.0,0.0,0.0,0.004386,0.0,0.0,0.0,0.0,0.0,0.0,0.0,0.0,0.0,0.0,0.0,0.0,0.0,0.0,0.0,0.0,0.0,0.0,0.0,0.0,0.0,0.0,0.0,0.0,0.0,0.0,0.0,0.0,0.0,0.0,0.0,0.0
Pine Siskin,0.0851064,0.1666667,0.05,0.2093023,0.1515152,0.3555556,0.2705882,0.1111111,0.28,0.375,0.2857143,0.1904762,0.0784314,0.1830986,0.0628571,0.0526316,0.0931373,0.0783582,0.0344828,0.0243572,0.0277078,0.0211538,0.0058997,0.0086806,0.0153846,0.0199336,0.0119048,0.0192771,0.0175953,0.0244755,0.0327869,0.0101695,0.0282258,0.0095694,0.0679012,0.0405405,0.0421053,0.0970149,0.1910112,0.1756757,0.1666667,0.1282051,0.1764706,0.0980392,0.0714286,0.1,0.2666667,0.0769231
American Goldfinch,0.2553191,0.2083333,0.15,0.2093023,0.2121212,0.2444444,0.2823529,0.1851852,0.28,0.2083333,0.2857143,0.1269841,0.1960784,0.2112676,0.0971429,0.0964912,0.1666667,0.2201493,0.2268603,0.1799729,0.1511335,0.1326923,0.2271386,0.1736111,0.2369231,0.1960133,0.2380952,0.2626506,0.3255132,0.2867133,0.295082,0.2440678,0.1854839,0.1578947,0.1358025,0.1036036,0.1210526,0.0895522,0.0674157,0.2432432,0.375,0.3076923,0.3823529,0.1764706,0.2857143,0.3,0.2666667,0.2884615
Lapland Longspur,0.0,0.0,0.0,0.0,0.0,0.0,0.0,0.0,0.0,0.0,0.0,0.0,0.0,0.0,0.0057143,0.0087719,0.0015,0.011194,0.0072595,0.0067659,0.0,0.0,0.0,0.0,0.0,0.0,0.0,0.0,0.0,0.0,0.0,0.0,0.0,0.0047847,0.0185185,0.0135135,0.0315789,0.0522388,0.0561798,0.0135135,0.0208333,0.0,0.0,0.0,0.0,0.0,0.0,0.0
Snow Bunting,0.0,0.0,0.0,0.0015,0.0,0.0,0.0235294,0.0,0.0,0.0,0.0015,0.0952381,0.0392157,0.0140845,0.0057143,0.004386,0.0,0.0,0.0,0.0,0.0,0.0,0.0,0.0,0.0,0.0,0.0,0.0,0.0,0.0,0.0,0.0,0.0,0.0,0.0,0.0,0.0,0.0149254,0.1348315,0.2837838,0.4166667,0.2564103,0.1176471,0.0392157,0.0357143,0.0,0.0,0.0576923
Grasshopper Sparrow,0.0,0.0,0.0,0.0,0.0,0.0,0.0,0.0,0.0,0.0,0.0,0.0,0.0,0.0,0.0,0.0,0.0,0.0,0.0036298,0.0015,0.0050378,0.0,0.0117994,0.0052083,0.0123077,0.0,0.0,0.0048193,0.0,0.0,0.0,0.0,0.0,0.0,0.0,0.0,0.0,0.0,0.011236,0.0,0.0,0.0,0.0,0.0,0.0,0.0,0.0,0.0
Chipping Sparrow,0.0,0.0,0.0,0.0,0.0,0.0,0.0,0.0,0.0,0.0,0.0,0.0,0.0196078,0.0140845,0.0342857,0.1096491,0.2205882,0.2798507,0.2903811,0.2422192,0.2846348,0.1615385,0.2861357,0.2118056,0.3169231,0.2358804,0.281746,0.1614458,0.1202346,0.1363636,0.0942623,0.1050847,0.0564516,0.1244019,0.0864198,0.0765766,0.0736842,0.0223881,0.0337079,0.0135135,0.0,0.0,0.0,0.0,0.0,0.0,0.0,0.0
Clay-colored Sparrow,0.0,0.0,0.0,0.0,0.0,0.0,0.0,0.0,0.0,0.0,0.0,0.0,0.0,0.0,0.0,0.0,0.004902,0.0186567,0.0181488,0.0162382,0.0151134,0.0153846,0.0235988,0.0190972,0.0123077,0.013289,0.0039683,0.0048193,0.0058651,0.0,0.0040984,0.0101695,0.0040323,0.0095694,0.0,0.009009,0.0105263,0.0,0.0,0.0,0.0,0.0,0.0,0.0,0.0,0.0,0.0,0.0
Field Sparrow,0.0,0.0,0.0,0.0,0.0,0.0,0.0,0.0,0.0,0.0,0.0,0.0,0.0,0.0,0.0,0.004386,0.004902,0.011194,0.0036298,0.0013532,0.0025189,0.0057692,0.0058997,0.0052083,0.0061538,0.0033223,0.0119048,0.0048193,0.0029326,0.006993,0.0040984,0.0101695,0.0,0.0047847,0.0185185,0.009009,0.0105263,0.0074627,0.011236,0.0,0.0208333,0.0,0.0,0.0,0.0,0.0,0.0,0.0
Lark Sparrow,0.0,0.0,0.0,0.0,0.0,0.0,0.0,0.0,0.0,0.0,0.0,0.0,0.0,0.0,0.0,0.0,0.0,0.0,0.0018149,0.0027064,0.0,0.0,0.0,0.0,0.0,0.0,0.0,0.0,0.0,0.0,0.0,0.0,0.0,0.0,0.0061728,0.0,0.0,0.0,0.0,0.0,0.0,0.0,0.0,0.0,0.0,0.0,0.0,0.0
American Tree Sparrow,0.0212766,0.0,0.0,0.0232558,0.030303,0.0444444,0.0235294,0.037037,0.0,0.0,0.0571429,0.1111111,0.2156863,0.2394366,0.1085714,0.2324561,0.0980392,0.0223881,0.0,0.0,0.0,0.0,0.0,0.0,0.0,0.0,0.0,0.0,0.0,0.0,0.0,0.0,0.0,0.0,0.0,0.0015,0.0157895,0.2238806,0.3370787,0.2702703,0.1666667,0.1538462,0.0294118,0.0196078,0.0714286,0.0,0.0,0.0015
Fox Sparrow,0.0,0.0,0.0,0.0,0.0,0.0,0.0,0.0,0.0,0.0,0.0,0.0,0.0392157,0.0704225,0.0285714,0.0482456,0.0,0.0037313,0.0,0.0,0.0,0.0,0.0,0.0,0.0,0.0,0.0,0.0,0.0,0.0,0.0,0.0,0.0,0.0,0.0,0.0045045,0.0105263,0.0149254,0.0015,0.0015,0.0416667,0.025641,0.0,0.0,0.0,0.0,0.0,0.0
Dark-eyed Junco,0.0638298,0.125,0.1,0.1395349,0.030303,0.0222222,0.1647059,0.1481481,0.12,0.2083333,0.1428571,0.1904762,0.3529412,0.3943662,0.2685714,0.3508772,0.1568627,0.0932836,0.0254083,0.0284168,0.0352645,0.0288462,0.0235988,0.0364583,0.08,0.0564784,0.0595238,0.0216867,0.0293255,0.020979,0.0245902,0.0135593,0.0120968,0.0430622,0.0987654,0.1306306,0.3157895,0.3358209,0.4157303,0.2972973,0.2916667,0.2564103,0.2058824,0.0980392,0.2857143,0.2,0.1333333,0.0576923
White-crowned Sparrow,0.0,0.0,0.0,0.0,0.0,0.0,0.0,0.0,0.0,0.0,0.0,0.0,0.0,0.0,0.0,0.0131579,0.1176471,0.2761194,0.1796733,0.0284168,0.0025189,0.0,0.0029499,0.0,0.0030769,0.0,0.0,0.0,0.0,0.0,0.0,0.0,0.0,0.0143541,0.0740741,0.2522523,0.4052632,0.2910448,0.1910112,0.1081081,0.0,0.0769231,0.0,0.0,0.0,0.0,0.0,0.0
Harris's Sparrow,0.0,0.0,0.0,0.0,0.0,0.0,0.0,0.0,0.0,0.0,0.0,0.0,0.0,0.0,0.0,0.0,0.0015,0.0,0.0036298,0.0,0.0,0.0,0.0,0.0,0.0,0.0,0.0,0.0,0.0,0.0,0.0,0.0,0.0,0.0,0.0,0.009009,0.0052632,0.0223881,0.0,0.0,0.0,0.0,0.0,0.0,0.0,0.0,0.0,0.0
White-throated Sparrow,0.0212766,0.0416667,0.05,0.0232558,0.030303,0.0,0.0117647,0.037037,0.04,0.0416667,0.0285714,0.031746,0.0196078,0.056338,0.04,0.2280702,0.2892157,0.2649254,0.2105263,0.1677943,0.2040302,0.1403846,0.1740413,0.1736111,0.1846154,0.1495017,0.1626984,0.0891566,0.1407625,0.1363636,0.1106557,0.1118644,0.1451613,0.1339713,0.1790123,0.1981982,0.1421053,0.1492537,0.0786517,0.027027,0.0833333,0.1025641,0.0294118,0.0,0.1428571,0.05,0.0,0.0192308
Vesper Sparrow,0.0,0.0,0.0,0.0,0.0,0.0,0.0,0.0,0.0,0.0,0.0,0.0,0.0,0.0,0.0,0.0570175,0.0490196,0.0373134,0.030853,0.0162382,0.0251889,0.0134615,0.0324484,0.0260417,0.0369231,0.0398671,0.0357143,0.0144578,0.0234604,0.0104895,0.0081967,0.0067797,0.0080645,0.0143541,0.0123457,0.0225225,0.0,0.0,0.0,0.0,0.0,0.0,0.0,0.0,0.0,0.0,0.0,0.0
LeConte's Sparrow,0.0,0.0,0.0,0.0,0.0,0.0,0.0,0.0,0.0,0.0,0.0,0.0,0.0,0.0,0.0,0.0,0.0,0.0037313,0.0181488,0.0081191,0.0125945,0.0153846,0.020649,0.0173611,0.0092308,0.0066445,0.0039683,0.0015,0.0015,0.0,0.0,0.0,0.0,0.0,0.0,0.0,0.0052632,0.0,0.0,0.0,0.0,0.0,0.0,0.0,0.0,0.0,0.0,0.0
Savannah Sparrow,0.0,0.0,0.0,0.0,0.0,0.0,0.0,0.0,0.0,0.0,0.0,0.0,0.0,0.0140845,0.0057143,0.0614035,0.0686275,0.1044776,0.1179673,0.0771313,0.0579345,0.0423077,0.1061947,0.0677083,0.0553846,0.0465116,0.015873,0.0289157,0.0117302,0.0244755,0.0491803,0.0474576,0.0483871,0.1100478,0.154321,0.0630631,0.0263158,0.0074627,0.0224719,0.0,0.0,0.0,0.0,0.0,0.0,0.0,0.0,0.0
Song Sparrow,0.0,0.0,0.0,0.0,0.0,0.0,0.0,0.0,0.0,0.0416667,0.0857143,0.1111111,0.2352941,0.3943662,0.3257143,0.4122807,0.3676471,0.3432836,0.4990926,0.5087957,0.465995,0.5423077,0.5899705,0.5190972,0.5353846,0.5780731,0.515873,0.5108434,0.4281525,0.3671329,0.3729508,0.3457627,0.2822581,0.2535885,0.2777778,0.3063063,0.3157895,0.3358209,0.1460674,0.1756757,0.0416667,0.025641,0.0,0.0196078,0.0,0.0,0.0,0.0
Lincoln's Sparrow,0.0,0.0,0.0,0.0,0.0,0.0,0.0,0.0,0.0,0.0,0.0,0.0,0.0,0.0,0.0,0.0,0.004902,0.0186567,0.0163339,0.014885,0.0176322,0.0230769,0.0147493,0.0208333,0.0338462,0.0265781,0.0119048,0.0240964,0.0293255,0.034965,0.0204918,0.0271186,0.0201613,0.0526316,0.0308642,0.045045,0.0421053,0.0149254,0.011236,0.0,0.0,0.0,0.0,0.0,0.0,0.0,0.0,0.0
Swamp Sparrow,0.0,0.0,0.0,0.0,0.0,0.0,0.0,0.0,0.0,0.0,0.0,0.0,0.0196078,0.028169,0.0057143,0.0657895,0.122549,0.1156716,0.2123412,0.2232747,0.2065491,0.2269231,0.3215339,0.2309028,0.2307692,0.282392,0.218254,0.1927711,0.170088,0.1713287,0.192623,0.1728814,0.2258065,0.215311,0.2345679,0.1801802,0.1210526,0.0970149,0.0337079,0.0135135,0.0,0.0,0.0,0.0,0.0,0.0,0.0,0.0
Eastern Towhee,0.0,0.0,0.0,0.0,0.0,0.0,0.0,0.0,0.0,0.0,0.0,0.0,0.0,0.0,0.0114286,0.0175439,0.0441176,0.0186567,0.0235935,0.014885,0.0075567,0.0038462,0.0324484,0.015625,0.0246154,0.0332226,0.0119048,0.0072289,0.0058651,0.0015,0.0,0.0,0.0,0.0,0.0,0.0,0.0,0.0,0.0,0.0,0.0,0.0,0.0,0.0,0.0,0.0,0.0,0.0
Yellow-headed Blackbird,0.0,0.0,0.0,0.0,0.0,0.0,0.0,0.0,0.0,0.0,0.0,0.0,0.0,0.0,0.0,0.0,0.004902,0.0,0.0054446,0.0013532,0.0025189,0.0,0.0015,0.0017361,0.0,0.0015,0.0,0.0,0.0,0.0,0.0,0.0,0.0,0.0,0.0,0.0,0.0,0.0,0.0,0.0,0.0,0.0,0.0,0.0,0.0,0.0,0.0,0.0
Bobolink,0.0,0.0,0.0,0.0,0.0,0.0,0.0,0.0,0.0,0.0,0.0,0.0,0.0,0.0,0.0,0.0,0.0,0.0074627,0.0235935,0.0243572,0.0327456,0.0326923,0.0530973,0.0260417,0.0123077,0.0166113,0.0039683,0.0072289,0.0029326,0.006993,0.0040984,0.0,0.0,0.0047847,0.0,0.0,0.0,0.0,0.0,0.0,0.0,0.0,0.0,0.0,0.0,0.0,0.0,0.0
Western Meadowlark,0.0,0.0,0.0,0.0,0.0,0.0,0.0,0.0,0.0,0.0,0.0,0.0,0.0,0.0,0.0,0.0,0.004902,0.0,0.0,0.0027064,0.0,0.0,0.0,0.0017361,0.0,0.0,0.0,0.0,0.0,0.0,0.0,0.0,0.0,0.0,0.0,0.0,0.0,0.0,0.0,0.0,0.0,0.0,0.0,0.0588235,0.0,0.0,0.0,0.0
Eastern Meadowlark,0.0,0.0,0.0,0.0,0.0,0.0,0.0,0.0,0.0,0.0,0.0,0.015873,0.0,0.028169,0.0057143,0.0175439,0.0098039,0.011194,0.0181488,0.0108254,0.0151134,0.0173077,0.0324484,0.0173611,0.0123077,0.0033223,0.0039683,0.0024096,0.0,0.0034965,0.0040984,0.0,0.0,0.0015,0.0,0.0,0.0,0.0,0.0224719,0.0,0.0,0.0,0.0,0.0,0.0,0.0,0.0,0.0
Orchard Oriole,0.0,0.0,0.0,0.0,0.0,0.0,0.0,0.0,0.0,0.0,0.0,0.0,0.0,0.0,0.0,0.0,0.0,0.0037313,0.0036298,0.0013532,0.0,0.0019231,0.0058997,0.0,0.0,0.0,0.0,0.0,0.0,0.0,0.0,0.0,0.0,0.0,0.0,0.0,0.0,0.0,0.0,0.0,0.0,0.0,0.0,0.0,0.0,0.0,0.0,0.0
Baltimore Oriole,0.0,0.0,0.0,0.0,0.0,0.0,0.0,0.0,0.0,0.0,0.0,0.0,0.0,0.0,0.0,0.0,0.0147059,0.0858209,0.0816697,0.0893099,0.0554156,0.0384615,0.0648968,0.0260417,0.0369231,0.0033223,0.0015,0.0048193,0.0175953,0.0244755,0.0245902,0.0169492,0.0,0.0,0.0,0.0,0.0,0.0,0.0,0.0,0.0,0.0,0.0,0.0,0.0,0.0,0.0,0.0
Red-winged Blackbird,0.0,0.0,0.0,0.0,0.0,0.0,0.0,0.0,0.0015,0.0015,0.0857143,0.0793651,0.1764706,0.1971831,0.2057143,0.3114035,0.3480392,0.4141791,0.5735027,0.5507442,0.5062972,0.55,0.539823,0.4427083,0.4369231,0.4950166,0.3849206,0.346988,0.2697947,0.1783217,0.2213115,0.0983051,0.0806452,0.0717703,0.0432099,0.0405405,0.0473684,0.0373134,0.0224719,0.0,0.0208333,0.0,0.0,0.0,0.0,0.0,0.0,0.0
Brown-headed Cowbird,0.0,0.0,0.0,0.0,0.0,0.0,0.0,0.0,0.0,0.0,0.0,0.0,0.0588235,0.0422535,0.0514286,0.0570175,0.1715686,0.0932836,0.0998185,0.1163735,0.0957179,0.0903846,0.100295,0.0572917,0.0646154,0.0365449,0.0119048,0.0096386,0.0087977,0.0104895,0.0081967,0.0033898,0.0040323,0.0,0.0015,0.0015,0.0,0.0,0.0,0.0,0.0,0.0,0.0,0.0,0.0,0.0,0.0,0.0
Rusty Blackbird,0.0,0.0,0.0,0.0,0.0,0.0,0.0,0.0,0.0,0.0,0.0,0.0,0.0,0.084507,0.0114286,0.0789474,0.0147059,0.0223881,0.0090744,0.0,0.0,0.0,0.0,0.0,0.0,0.0,0.0,0.0,0.0,0.0,0.0,0.0,0.0040323,0.0015,0.0123457,0.0315315,0.0105263,0.0447761,0.0449438,0.0135135,0.0208333,0.0,0.0,0.0,0.0,0.0,0.0,0.0
Brewer's Blackbird,0.0,0.0,0.0,0.0,0.0,0.0,0.0,0.0,0.0,0.0,0.0,0.0,0.0,0.0,0.0,0.0,0.0,0.011194,0.0127042,0.0121786,0.0151134,0.0192308,0.020649,0.0277778,0.0276923,0.0033223,0.0238095,0.0024096,0.0058651,0.0104895,0.0122951,0.0033898,0.0,0.0,0.0,0.0,0.0,0.0,0.0,0.0,0.0,0.0,0.0,0.0,0.0,0.0,0.0,0.0
Common Grackle,0.0212766,0.0,0.0,0.0232558,0.030303,0.0,0.0,0.0,0.0,0.0015,0.0571429,0.1111111,0.2156863,0.2535211,0.2171429,0.2631579,0.2843137,0.3358209,0.4319419,0.4749662,0.440806,0.5057692,0.4926254,0.3576389,0.3230769,0.2790698,0.2301587,0.1445783,0.1143695,0.1328671,0.1516393,0.0915254,0.0645161,0.0478469,0.0617284,0.027027,0.0157895,0.0149254,0.0,0.0,0.0,0.0,0.0294118,0.0,0.0,0.0,0.0,0.0
Ovenbird,0.0,0.0,0.0,0.0,0.0,0.0,0.0,0.0,0.0,0.0,0.0,0.0,0.0,0.0,0.0,0.0,0.0392157,0.1679104,0.2068966,0.2476319,0.2921914,0.1903846,0.2743363,0.2378472,0.3015385,0.179402,0.1111111,0.0240964,0.0087977,0.034965,0.0286885,0.0101695,0.0201613,0.0,0.0123457,0.0,0.0,0.0,0.0,0.0,0.0,0.0,0.0,0.0,0.0,0.0,0.0,0.0
Northern Waterthrush,0.0,0.0,0.0,0.0,0.0,0.0,0.0,0.0,0.0,0.0,0.0,0.0,0.0,0.0,0.0,0.0,0.0196078,0.0522388,0.0580762,0.0257104,0.0100756,0.0211538,0.0324484,0.015625,0.0030769,0.0066445,0.015873,0.0120482,0.0058651,0.0174825,0.0163934,0.0033898,0.0120968,0.0047847,0.0061728,0.0,0.0,0.0,0.0,0.0,0.0208333,0.0,0.0,0.0,0.0,0.0,0.0,0.0
Golden-winged Warbler,0.0,0.0,0.0,0.0,0.0,0.0,0.0,0.0,0.0,0.0,0.0,0.0,0.0,0.0,0.0,0.0,0.0,0.0,0.0072595,0.0094723,0.0025189,0.0019231,0.0088496,0.015625,0.0030769,0.0,0.0,0.0024096,0.0015,0.0034965,0.0040984,0.0,0.0015,0.0,0.0,0.0,0.0,0.0,0.0,0.0,0.0,0.0,0.0,0.0,0.0,0.0,0.0,0.0
Blue-winged Warbler,0.0,0.0,0.0,0.0,0.0,0.0,0.0,0.0,0.0,0.0,0.0,0.0,0.0,0.0,0.0,0.0,0.0,0.0,0.0,0.0,0.0025189,0.0,0.0,0.0,0.0,0.0,0.0,0.0,0.0,0.0,0.0040984,0.0,0.0,0.0,0.0,0.0,0.0,0.0,0.0,0.0,0.0,0.0,0.0,0.0,0.0,0.0,0.0,0.0
Black-and-white Warbler,0.0,0.0,0.0,0.0,0.0,0.0,0.0,0.0,0.0,0.0,0.0,0.0,0.0,0.0,0.0,0.0,0.0441176,0.1865672,0.292196,0.2002706,0.1712846,0.1596154,0.1504425,0.1059028,0.12,0.0930233,0.1111111,0.0771084,0.1554252,0.1398601,0.1762295,0.1254237,0.0766129,0.0574163,0.0185185,0.0045045,0.0,0.0,0.0,0.0,0.0,0.0,0.0,0.0,0.0,0.0,0.0,0.0
Prothonotary Warbler,0.0,0.0,0.0,0.0,0.0,0.0,0.0,0.0,0.0,0.0,0.0,0.0,0.0,0.0,0.0,0.0,0.0,0.0,0.0,0.0013532,0.0,0.0,0.0,0.0,0.0,0.0,0.0,0.0,0.0,0.0,0.0,0.0,0.0,0.0,0.0,0.0,0.0,0.0,0.0,0.0,0.0,0.0,0.0,0.0,0.0,0.0,0.0,0.0
Tennessee Warbler,0.0,0.0,0.0,0.0,0.0,0.0,0.0,0.0,0.0,0.0,0.0,0.0,0.0,0.0,0.0,0.0,0.004902,0.0261194,0.1524501,0.0717185,0.0100756,0.0019231,0.0029499,0.0034722,0.0153846,0.0066445,0.0,0.0048193,0.0146628,0.013986,0.0163934,0.0508475,0.0645161,0.0430622,0.0246914,0.009009,0.0,0.0074627,0.0,0.0,0.0,0.0,0.0,0.0,0.0,0.0,0.0,0.0
Orange-crowned Warbler,0.0,0.0,0.0,0.0,0.0,0.0,0.0,0.0,0.0,0.0,0.0,0.0,0.0,0.0,0.0,0.0,0.004902,0.0074627,0.030853,0.014885,0.0015,0.0,0.0,0.0,0.0,0.0,0.0,0.0,0.0,0.0,0.0,0.0,0.0,0.0,0.0,0.0135135,0.0263158,0.0074627,0.0,0.0,0.0,0.0,0.0,0.0,0.0,0.0,0.0,0.0192308
Nashville Warbler,0.0,0.0,0.0,0.0,0.0,0.0,0.0,0.0,0.0,0.0,0.0,0.0,0.0,0.0,0.0,0.0,0.0784314,0.238806,0.3194192,0.2422192,0.2720403,0.1961538,0.2182891,0.2291667,0.2153846,0.1760797,0.1388889,0.0746988,0.0527859,0.1083916,0.1229508,0.1389831,0.1330645,0.1004785,0.037037,0.009009,0.0052632,0.0,0.0,0.0,0.0,0.0,0.0,0.0,0.0,0.0,0.0,0.0
Connecticut Warbler,0.0,0.0,0.0,0.0,0.0,0.0,0.0,0.0,0.0,0.0,0.0,0.0,0.0,0.0,0.0,0.0,0.0,0.0,0.0036298,0.0027064,0.0050378,0.0038462,0.0147493,0.0086806,0.0,0.0033223,0.0,0.0024096,0.0,0.0,0.0,0.0,0.0,0.0,0.0,0.0,0.0,0.0,0.0,0.0,0.0,0.0,0.0,0.0,0.0,0.0,0.0,0.0
Mourning Warbler,0.0,0.0,0.0,0.0,0.0,0.0,0.0,0.0,0.0,0.0,0.0,0.0,0.0,0.0,0.0,0.0,0.0,0.011194,0.0181488,0.0311231,0.0302267,0.0384615,0.0265487,0.0381944,0.0338462,0.0099668,0.0079365,0.0048193,0.0058651,0.006993,0.0122951,0.0101695,0.016129,0.0095694,0.0,0.0045045,0.0,0.0,0.0,0.0,0.0,0.0,0.0,0.0,0.0,0.0,0.0,0.0
Common Yellowthroat,0.0,0.0,0.0,0.0,0.0,0.0,0.0,0.0,0.0,0.0,0.0,0.0,0.0,0.0,0.0,0.0,0.0245098,0.1567164,0.399274,0.526387,0.5138539,0.4019231,0.4896755,0.4965278,0.4738462,0.551495,0.4404762,0.3710843,0.3020528,0.2517483,0.3237705,0.2169492,0.3104839,0.2105263,0.1296296,0.0945946,0.0052632,0.0,0.0,0.0,0.0,0.0,0.0,0.0,0.0,0.0,0.0,0.0
American Redstart,0.0,0.0,0.0,0.0,0.0,0.0,0.0,0.0,0.0,0.0,0.0,0.0,0.0,0.0,0.0,0.0,0.0098039,0.1455224,0.3883848,0.4682003,0.4055416,0.4403846,0.3687316,0.3107639,0.3907692,0.2890365,0.2460317,0.1325301,0.1906158,0.2342657,0.2008197,0.2,0.2056452,0.1100478,0.0246914,0.009009,0.0052632,0.0,0.0,0.0,0.0,0.0,0.0,0.0,0.0,0.0,0.0,0.0
Kirtland's Warbler,0.0,0.0,0.0,0.0,0.0,0.0,0.0,0.0,0.0,0.0,0.0,0.0,0.0,0.0,0.0,0.0,0.0,0.0,0.0,0.0,0.0025189,0.0019231,0.0,0.0,0.0,0.0015,0.0,0.0,0.0,0.0,0.0,0.0,0.0,0.0,0.0,0.0,0.0,0.0,0.0,0.0,0.0,0.0,0.0,0.0,0.0,0.0,0.0,0.0
Cape May Warbler,0.0,0.0,0.0,0.0,0.0,0.0,0.0,0.0,0.0,0.0,0.0,0.0,0.0,0.0,0.0,0.0,0.0,0.0373134,0.1034483,0.0230041,0.0100756,0.0211538,0.0088496,0.0086806,0.0123077,0.0033223,0.0039683,0.0072289,0.0351906,0.0594406,0.1106557,0.0813559,0.0604839,0.0334928,0.0246914,0.0135135,0.0,0.0,0.011236,0.0,0.0,0.0,0.0,0.0,0.0,0.0,0.0,0.0
Northern Parula,0.0,0.0,0.0,0.0,0.0,0.0,0.0,0.0,0.0,0.0,0.0,0.0,0.0,0.0,0.0,0.0,0.0343137,0.1119403,0.1361162,0.1014885,0.070529,0.0788462,0.0884956,0.078125,0.0984615,0.0863787,0.0515873,0.0168675,0.0117302,0.020979,0.0122951,0.0474576,0.0241935,0.0191388,0.0,0.0045045,0.0,0.0,0.0,0.0,0.0,0.0,0.0,0.0,0.0,0.0,0.0,0.0
Magnolia Warbler,0.0,0.0,0.0,0.0,0.0,0.0,0.0,0.0,0.0,0.0,0.0,0.0,0.0,0.0,0.0,0.0,0.004902,0.0671642,0.1016334,0.0703654,0.0478589,0.0326923,0.0383481,0.0243056,0.0307692,0.0232558,0.0079365,0.0120482,0.026393,0.020979,0.0491803,0.0508475,0.0524194,0.0047847,0.0,0.027027,0.0,0.0,0.0,0.0,0.0,0.0,0.0,0.0,0.0,0.0,0.0,0.0
Bay-breasted Warbler,0.0,0.0,0.0,0.0,0.0,0.0,0.0,0.0,0.0,0.0,0.0,0.0,0.0,0.0,0.0,0.0,0.004902,0.011194,0.0381125,0.0270636,0.0050378,0.0057692,0.0,0.0,0.0,0.0,0.0,0.0,0.0029326,0.0,0.0163934,0.0305085,0.0201613,0.0095694,0.0061728,0.0315315,0.0,0.0,0.0,0.0,0.0,0.0,0.0,0.0,0.0,0.0,0.0,0.0
Blackburnian Warbler,0.0,0.0,0.0,0.0,0.0,0.0,0.0,0.0,0.0,0.0,0.0,0.0,0.0,0.0,0.0,0.0,0.004902,0.0410448,0.1397459,0.1136671,0.0579345,0.0576923,0.0766962,0.0538194,0.08,0.0531561,0.0595238,0.0072289,0.0146628,0.034965,0.045082,0.0474576,0.0362903,0.0239234,0.0185185,0.0,0.0,0.0,0.0,0.0,0.0,0.0,0.0,0.0,0.0,0.0,0.0,0.0
Northern Yellow Warbler,0.0,0.0,0.0,0.0,0.0,0.0,0.0,0.0,0.0,0.0,0.0,0.0,0.0,0.0,0.0,0.0,0.0196078,0.1977612,0.415608,0.4682003,0.4080605,0.4423077,0.4719764,0.3211806,0.32,0.2624585,0.2420635,0.2409639,0.1730205,0.2132867,0.1516393,0.0677966,0.0241935,0.0,0.0,0.0,0.0,0.0,0.0,0.0,0.0,0.0,0.0,0.0,0.0,0.0,0.0,0.0
Chestnut-sided Warbler,0.0,0.0,0.0,0.0,0.0,0.0,0.0,0.0,0.0,0.0,0.0,0.0,0.0,0.0,0.0,0.0,0.0,0.0298507,0.1343013,0.1258457,0.093199,0.0961538,0.120944,0.0868056,0.0584615,0.0398671,0.0357143,0.0048193,0.0234604,0.027972,0.0040984,0.0169492,0.016129,0.0143541,0.0,0.0045045,0.0,0.0,0.0,0.0,0.0,0.0,0.0,0.0,0.0,0.0,0.0,0.0
Blackpoll Warbler,0.0,0.0,0.0,0.0,0.0,0.0,0.0,0.0,0.0,0.0,0.0,0.0,0.0,0.0,0.0,0.0,0.0,0.011194,0.0907441,0.0554804,0.0015,0.0,0.0058997,0.0,0.0,0.0,0.0,0.0,0.0,0.0,0.0163934,0.0169492,0.0604839,0.0478469,0.0185185,0.018018,0.0105263,0.0,0.011236,0.0,0.0,0.0,0.0,0.0,0.0,0.0,0.0,0.0
Black-throated Blue Warbler,0.0,0.0,0.0,0.0,0.0,0.0,0.0,0.0,0.0,0.0,0.0,0.0,0.0,0.0,0.0,0.0,0.0,0.0298507,0.0362976,0.0324763,0.02267,0.0173077,0.0383481,0.0173611,0.0246154,0.0265781,0.0119048,0.0120482,0.0058651,0.013986,0.0081967,0.0135593,0.0080645,0.0143541,0.0185185,0.0,0.0,0.0,0.0,0.0,0.0,0.0,0.0,0.0,0.0,0.0,0.0,0.0
Palm Warbler,0.0,0.0,0.0,0.0,0.0,0.0,0.0,0.0,0.0,0.0,0.0,0.0,0.0,0.0,0.0,0.0175439,0.0833333,0.1567164,0.1669691,0.0284168,0.02267,0.0153846,0.0058997,0.0086806,0.0,0.0099668,0.0079365,0.0048193,0.0117302,0.0174825,0.0245902,0.0372881,0.108871,0.1148325,0.0802469,0.0675676,0.0736842,0.0298507,0.0224719,0.0,0.0,0.0,0.0,0.0,0.0,0.0,0.0,0.0
Pine Warbler,0.0,0.0,0.0,0.0,0.0,0.0,0.0,0.0,0.0,0.0,0.0,0.0,0.0,0.028169,0.0057143,0.1096491,0.254902,0.2238806,0.3248639,0.3044655,0.2619647,0.2403846,0.3657817,0.3229167,0.3292308,0.358804,0.281746,0.2048193,0.1554252,0.1608392,0.1598361,0.1728814,0.25,0.2440191,0.191358,0.1846847,0.0578947,0.0074627,0.0,0.0,0.0,0.0,0.0,0.0,0.0,0.0,0.0,0.0
Yellow-rumped Warbler,0.0,0.0,0.0,0.0,0.0,0.0,0.0,0.0,0.0,0.0,0.0,0.0,0.0,0.056338,0.0971429,0.2587719,0.3921569,0.4664179,0.5027223,0.3369418,0.2619647,0.2519231,0.2890855,0.1909722,0.2676923,0.2026578,0.2619048,0.1807229,0.2609971,0.3006993,0.3647541,0.3389831,0.4637097,0.4641148,0.4012346,0.4099099,0.3105263,0.1567164,0.1235955,0.0135135,0.0208333,0.0,0.0,0.0,0.0,0.0,0.0,0.0
Prairie Warbler,0.0,0.0,0.0,0.0,0.0,0.0,0.0,0.0,0.0,0.0,0.0,0.0,0.0,0.0,0.0,0.0,0.0,0.0,0.0018149,0.0,0.0,0.0,0.0,0.0,0.0,0.0,0.0,0.0,0.0,0.0,0.0,0.0,0.0,0.0,0.0,0.0,0.0,0.0,0.0,0.0,0.0,0.0,0.0,0.0,0.0,0.0,0.0,0.0
Black-throated Green Warbler,0.0,0.0,0.0,0.0,0.0,0.0,0.0,0.0,0.0,0.0,0.0,0.0,0.0,0.0,0.0,0.0,0.1176471,0.2462687,0.323049,0.2056834,0.1687657,0.1519231,0.1858407,0.1423611,0.1876923,0.1362126,0.1111111,0.0795181,0.058651,0.0839161,0.0983607,0.1389831,0.0887097,0.0430622,0.0246914,0.036036,0.0105263,0.0,0.0,0.0,0.0,0.0,0.0,0.0,0.0,0.0,0.0,0.0192308
Canada Warbler,0.0,0.0,0.0,0.0,0.0,0.0,0.0,0.0,0.0,0.0,0.0,0.0,0.0,0.0,0.0,0.0,0.0,0.0037313,0.0217786,0.0433018,0.0327456,0.0346154,0.0235988,0.0173611,0.0092308,0.0066445,0.0039683,0.0024096,0.0117302,0.0244755,0.0163934,0.0169492,0.016129,0.0191388,0.0123457,0.0045045,0.0,0.0,0.0,0.0,0.0,0.0,0.0,0.0,0.0,0.0,0.0,0.0
Wilson's Warbler,0.0,0.0,0.0,0.0,0.0,0.0,0.0,0.0,0.0,0.0,0.0,0.0,0.0,0.0,0.0,0.0,0.0,0.0074627,0.0562613,0.0568336,0.0151134,0.0015,0.0,0.0,0.0,0.0,0.0,0.0024096,0.0,0.0034965,0.0163934,0.0033898,0.016129,0.0143541,0.0,0.009009,0.0,0.0,0.0,0.0,0.0,0.0,0.0,0.0,0.0,0.0,0.0,0.0
Summer Tanager,0.0,0.0,0.0,0.0,0.0,0.0,0.0,0.0,0.0,0.0,0.0,0.0,0.0,0.0,0.0,0.0,0.0,0.011194,0.0,0.0,0.0,0.0,0.0,0.0,0.0,0.0,0.0,0.0,0.0,0.0,0.0,0.0,0.0,0.0,0.0,0.0,0.0,0.0,0.0,0.0,0.0,0.0,0.0,0.0,0.0015,0.0,0.0,0.0
Scarlet Tanager,0.0,0.0,0.0,0.0,0.0,0.0,0.0,0.0,0.0,0.0,0.0,0.0,0.0,0.0,0.0,0.0,0.0,0.0037313,0.0344828,0.0392422,0.0151134,0.025,0.0235988,0.015625,0.0338462,0.0033223,0.0119048,0.0024096,0.0058651,0.006993,0.0122951,0.0,0.0040323,0.0047847,0.0015,0.0,0.0,0.0,0.0,0.0,0.0,0.0,0.0,0.0,0.0,0.0,0.0,0.0
Northern Cardinal,0.0638298,0.0833333,0.05,0.0232558,0.1212121,0.0222222,0.2235294,0.0740741,0.04,0.0416667,0.0857143,0.1428571,0.0784314,0.0985915,0.0685714,0.0614035,0.0882353,0.1007463,0.061706,0.0487145,0.0403023,0.0403846,0.0353982,0.0190972,0.08,0.0365449,0.0515873,0.0192771,0.0234604,0.0734266,0.0491803,0.0474576,0.0120968,0.0382775,0.037037,0.0225225,0.0263158,0.0820896,0.0449438,0.1486486,0.2083333,0.1794872,0.1764706,0.0784314,0.2142857,0.25,0.0666667,0.0384615
Rose-breasted Grosbeak,0.0,0.0,0.0,0.0,0.0,0.0,0.0,0.0,0.0,0.0,0.0,0.0,0.0,0.0,0.0,0.0,0.0294118,0.1044776,0.1107078,0.0581867,0.0453401,0.0269231,0.0501475,0.0538194,0.0615385,0.0332226,0.0396825,0.0192771,0.0527859,0.0629371,0.0532787,0.020339,0.0120968,0.0,0.0185185,0.0,0.0,0.0,0.0,0.0,0.0,0.0,0.0,0.0,0.0,0.0,0.0,0.0
Indigo Bunting,0.0,0.0,0.0,0.0,0.0,0.0,0.0,0.0,0.0,0.0,0.0,0.0,0.0,0.0,0.0,0.0,0.0015,0.0186567,0.0671506,0.0744249,0.0957179,0.1211538,0.1445428,0.1215278,0.1415385,0.0930233,0.1031746,0.0457831,0.0205279,0.0174825,0.0081967,0.0338983,0.0040323,0.0095694,0.0,0.0,0.0,0.0,0.0,0.0,0.0,0.025641,0.0,0.0,0.0,0.0,0.0,0.0
Dickcissel,0.0,0.0,0.0,0.0,0.0,0.0,0.0,0.0,0.0,0.0,0.0,0.0,0.0,0.0,0.0,0.0,0.0,0.0,0.0,0.0,0.0,0.0019231,0.0058997,0.0017361,0.0030769,0.0,0.0,0.0,0.0029326,0.0,0.0,0.0,0.0,0.0,0.0,0.0,0.0,0.0,0.0,0.0,0.0,0.0,0.0,0.0,0.0,0.0,0.0,0.0
