species,category,pattern_type,status,arrival,peak,departure,spring_arrival,spring_peak,spring_departure,fall_arrival,fall_peak,fall_departure,winter_arrival,winter_peak,winter_departure,first_appears,last_appears
Black-bellied Whistling-Duck,vagrant,irregular,irregular,,July 8-14,,,,,,,,,,,July 8-14,July 22-31
Snow Goose,two-passage-migrant,two-passage,,,,,March 22-31,March 22-31,April 15-21,September 15-21,November 8-14,November 8-14,,,,,
Ross's Goose,vagrant,irregular,irregular,,March 22-31,,,,,,,,,,,March 22-31,April 15-21
Greater White-fronted Goose,vagrant,irregular,irregular,,March 15-21,,,,,,,,,,,March 15-21,November 8-14
Brant,vagrant,irregular,irregular,,May 22-31,,,,,,,,,,,May 22-31,May 22-31
Cackling Goose,vagrant,irregular,irregular,,September 22-30,,,,,,,,,,,March 22-31,September 22-30
Canada Goose,single-season,summer,,February 22-28,April 15-21,December 15-21,,,,,,,,,,,
Mute Swan,resident,year-round,year-round,,,,,,,,,,,,,,
Trumpeter Swan,resident,year-round,year-round,,,,,,,,,,,,,,
Tundra Swan,two-passage-migrant,two-passage,,,,,February 22-28,April 15-21,April 15-21,October 22-31,November 8-14,November 8-14,,,,,
Wood Duck,single-season,summer,,March 22-31,September 8-14,October 22-31,,,,,,,,,,,
Blue-winged Teal,two-passage-migrant,two-passage,,,,,April 1-7,April 22-30,June 8-14,August 1-7,October 8-14,October 15-21,,,,,
Northern Shoveler,two-passage-migrant,two-passage,,,,,March 22-31,April 15-21,May 1-7,November 1-7,November 1-7,November 1-7,,,,,
Gadwall,vagrant,irregular,irregular,,April 15-21,,,,,,,,,,,February 8-14,November 1-7
Eurasian Wigeon,vagrant,irregular,irregular,,April 15-21,,,,,,,,,,,April 15-21,April 15-21
American Wigeon,two-passage-migrant,two-passage,,,,,March 22-31,April 15-21,May 1-7,October 1-7,November 1-7,November 1-7,,,,,
Mallard,resident,year-round,year-round,,,,,,,,,,,,,,
American Black Duck,single-season,winter,,,,,,,,,,,August 1-7,February 1-7,April 15-21,,
Northern Pintail,two-passage-migrant,two-passage,,,,,January 15-21,February 1-7,February 15-21,August 22-31,October 1-7,October 1-7,,,,,
Green-winged Teal,two-passage-migrant,two-passage,,,,,March 15-21,April 15-21,May 1-7,August 22-31,September 22-30,October 1-7,,,,,
Canvasback,two-passage-migrant,two-passage,,,,,March 22-31,April 8-14,April 15-21,October 8-14,October 22-31,November 8-14,,,,,
Redhead,single-season,winter,,,,,,,,,,,October 8-14,November 15-21,April 22-30,,
Ring-necked Duck,single-season,winter,,,,,,,,,,,August 22-31,April 1-7,June 15-21,,
Greater Scaup,two-passage-migrant,two-passage,,,,,March 15-21,April 8-14,May 1-7,October 8-14,February 1-7,February 8-14,,,,,
Lesser Scaup,two-passage-migrant,two-passage,,,,,February 8-14,April 15-21,May 1-7,October 1-7,October 22-31,November 15-21,,,,,
Harlequin Duck,vagrant,irregular,irregular,,February 1-7,,,,,,,,,,,February 1-7,May 22-31
Surf Scoter,vagrant,irregular,irregular,,November 1-7,,,,,,,,,,,March 1-7,November 22-30
White-winged Scoter,two-passage-migrant,two-passage,,,,,March 1-7,April 22-30,May 1-7,October 8-14,October 22-31,November 15-21,,,,,
Black Scoter,vagrant,irregular,irregular,,October 22-31,,,,,,,,,,,May 1-7,November 8-14
Long-tailed Duck,two-passage-migrant,two-passage,,,,,March 8-14,April 22-30,May 22-31,October 15-21,November 15-21,November 15-21,,,,,
Bufflehead,two-passage-migrant,two-passage,,,,,March 1-7,April 15-21,May 8-14,October 22-31,November 22-30,December 15-21,,,,,
Common Goldeneye,single-season,winter,,,,,,,,,,,October 22-31,March 15-21,April 22-30,,
Hooded Merganser,two-passage-migrant,two-passage,,,,,February 1-7,April 8-14,May 8-14,August 8-14,November 15-21,December 22-31,,,,,
Common Merganser,resident,year-round,year-round,,,,,,,,,,,,,,
Red-breasted Merganser,single-season,winter,,,,,,,,,,,September 22-30,April 22-30,June 15-21,,
Ruddy Duck,vagrant,irregular,irregular,,October 8-14,,,,,,,,,,,April 1-7,November 22-30
Helmeted Guineafowl,vagrant,irregular,irregular,,June 22-30,,,,,,,,,,,June 22-30,June 22-30
Northern Bobwhite,vagrant,irregular,irregular,,June 22-30,,,,,,,,,,,May 8-14,July 1-7
Wild Turkey,resident,year-round,year-round,,,,,,,,,,,,,,
Ruffed Grouse,resident,year-round,year-round,,,,,,,,,,,,,,
Ring-necked Pheasant,vagrant,irregular,irregular,,April 8-14,,,,,,,,,,,March 22-31,December 15-21
Rock Pigeon,resident,year-round,year-round,,,,,,,,,,,,,,
White-winged Dove,vagrant,irregular,irregular,,November 22-30,,,,,,,,,,,November 22-30,December 1-7
Mourning Dove,resident,year-round,year-round,,,,,,,,,,,,,,
Yellow-billed Cuckoo,vagrant,irregular,irregular,,June 15-21,,,,,,,,,,,May 15-21,September 22-30
Black-billed Cuckoo,single-season,summer,,May 15-21,June 8-14,July 15-21,,,,,,,,,,,
Common Nighthawk,single-season,summer,,May 15-21,June 1-7,September 8-14,,,,,,,,,,,
Eastern Whip-poor-will,single-season,summer,,May 1-7,August 1-7,September 15-21,,,,,,,,,,,
Chimney Swift,single-season,summer,,May 8-14,August 15-21,August 15-21,,,,,,,,,,,
Ruby-throated Hummingbird,single-season,summer,,May 8-14,August 8-14,September 8-14,,,,,,,,,,,
Virginia Rail,single-season,summer,,April 22-30,July 1-7,September 8-14,,,,,,,,,,,
Sora,single-season,summer,,May 1-7,May 15-21,July 1-7,,,,,,,,,,,
Common Gallinule,vagrant,irregular,irregular,,June 8-14,,,,,,,,,,,June 8-14,June 8-14
American Coot,vagrant,irregular,irregular,,October 8-14,,,,,,,,,,,March 22-31,November 8-14
Yellow Rail,vagrant,irregular,irregular,,May 1-7,,,,,,,,,,,May 1-7,May 1-7
Sandhill Crane,single-season,summer,,March 15-21,April 15-21,October 22-31,,,,,,,,,,,
Black-bellied Plover,vagrant,irregular,irregular,,September 15-21,,,,,,,,,,,May 15-21,November 22-30
American Golden-Plover,vagrant,irregular,irregular,,September 15-21,,,,,,,,,,,September 1-7,October 15-21
Killdeer,single-season,summer,,March 22-31,May 22-31,September 1-7,,,,,,,,,,,
Semipalmated Plover,two-passage-migrant,two-passage,,,,,May 8-14,May 15-21,June 8-14,August 1-7,August 22-31,September 15-21,,,,,
Piping Plover,vagrant,irregular,irregular,,June 8-14,,,,,,,,,,,May 8-14,July 15-21
Upland Sandpiper,single-season,summer,,May 8-14,June 22-30,August 15-21,,,,,,,,,,,
Hudsonian Whimbrel,vagrant,irregular,irregular,,May 22-31,,,,,,,,,,,May 22-31,May 22-31
Hudsonian Godwit,vagrant,irregular,irregular,,June 8-14,,,,,,,,,,,June 8-14,June 8-14
Marbled Godwit,vagrant,irregular,irregular,,May 22-31,,,,,,,,,,,May 22-31,May 22-31
Short-billed Dowitcher,vagrant,irregular,irregular,,August 22-31,,,,,,,,,,,May 8-14,September 8-14
Long-billed Dowitcher,vagrant,irregular,irregular,,October 15-21,,,,,,,,,,,October 15-21,October 15-21
American Woodcock,two-passage-migrant,two-passage,,,,,March 8-14,April 15-21,June 15-21,October 1-7,October 8-14,October 8-14,,,,,
Wilson's Snipe,two-passage-migrant,two-passage,,,,,April 15-21,May 15-21,July 15-21,September 8-14,October 15-21,October 15-21,,,,,
Wilson's Phalarope,vagrant,irregular,irregular,,May 8-14,,,,,,,,,,,May 8-14,May 22-31
Red-necked Phalarope,vagrant,irregular,irregular,,June 1-7,,,,,,,,,,,June 1-7,June 1-7
Spotted Sandpiper,single-season,summer,,May 1-7,June 8-14,September 1-7,,,,,,,,,,,
Solitary Sandpiper,two-passage-migrant,two-passage,,,,,May 1-7,May 8-14,May 15-21,July 15-21,September 15-21,October 1-7,,,,,
Lesser Yellowlegs,vagrant,irregular,irregular,,May 1-7,,,,,,,,,,,April 1-7,October 15-21
Willet,vagrant,irregular,irregular,,July 22-31,,,,,,,,,,,July 22-31,July 22-31
Greater Yellowlegs,two-passage-migrant,two-passage,,,,,April 15-21,May 1-7,May 15-21,September 15-21,October 8-14,October 15-21,,,,,
Ruddy Turnstone,vagrant,irregular,irregular,,May 22-31,,,,,,,,,,,May 15-21,June 1-7
Red Knot,vagrant,irregular,irregular,,May 15-21,,,,,,,,,,,May 15-21,August 22-31
Stilt Sandpiper,vagrant,irregular,irregular,,September 1-7,,,,,,,,,,,May 15-21,September 1-7
Buff-breasted Sandpiper,vagrant,irregular,irregular,,August 22-31,,,,,,,,,,,August 22-31,August 22-31
Sanderling,single-season,summer,,May 22-31,October 8-14,October 8-14,,,,,,,,,,,
Dunlin,vagrant,irregular,irregular,,May 15-21,,,,,,,,,,,May 1-7,November 1-7
Baird's Sandpiper,vagrant,irregular,irregular,,September 1-7,,,,,,,,,,,August 8-14,September 15-21
White-rumped Sandpiper,vagrant,irregular,irregular,,November 8-14,,,,,,,,,,,May 15-21,November 8-14
Least Sandpiper,two-passage-migrant,two-passage,,,,,May 8-14,May 15-21,May 22-31,July 1-7,August 22-31,September 1-7,,,,,
Pectoral Sandpiper,two-passage-migrant,two-passage,,,,,April 15-21,May 1-7,May 1-7,August 15-21,October 1-7,October 1-7,,,,,
Semipalmated Sandpiper,two-passage-migrant,two-passage,,,,,May 15-21,June 1-7,June 15-21,August 15-21,September 1-7,September 1-7,,,,,
Little Gull,vagrant,irregular,irregular,,May 15-21,,,,,,,,,,,May 15-21,May 15-21
Bonaparte's Gull,vagrant,irregular,irregular,,November 8-14,,,,,,,,,,,April 15-21,December 1-7
Franklin's Gull,vagrant,irregular,irregular,,May 22-31,,,,,,,,,,,May 22-31,May 22-31
Ring-billed Gull,single-season,summer,,March 8-14,August 8-14,December 22-31,,,,,,,,,,,
American Herring Gull,resident,year-round,year-round,,,,,,,,,,,,,,
Great Black-backed Gull,two-passage-migrant,two-passage,,,,,April 15-21,April 15-21,April 15-21,October 8-14,November 1-7,November 1-7,,,,,
Glaucous Gull,vagrant,irregular,irregular,,February 8-14,,,,,,,,,,,February 8-14,April 15-21
Lesser Black-backed Gull,vagrant,irregular,irregular,,June 8-14,,,,,,,,,,,April 15-21,June 8-14
Iceland Gull,vagrant,irregular,irregular,,April 8-14,,,,,,,,,,,April 8-14,May 1-7
Least Tern,vagrant,irregular,irregular,,May 22-31,,,,,,,,,,,May 22-31,May 22-31
Caspian Tern,single-season,summer,,April 22-30,August 8-14,August 15-21,,,,,,,,,,,
Black Tern,single-season,summer,,May 8-14,June 1-7,August 1-7,,,,,,,,,,,
Forster's Tern,vagrant,irregular,irregular,,June 22-30,,,,,,,,,,,May 8-14,August 22-31
Common Tern,single-season,summer,,May 8-14,July 15-21,September 1-7,,,,,,,,,,,
Pied-billed Grebe,single-season,summer,,March 22-31,September 8-14,November 8-14,,,,,,,,,,,
Horned Grebe,two-passage-migrant,two-passage,,,,,April 8-14,April 22-30,May 1-7,September 22-30,November 1-7,November 15-21,,,,,
Red-necked Grebe,vagrant,irregular,irregular,,November 1-7,,,,,,,,,,,April 1-7,November 8-14
Red-throated Loon,vagrant,irregular,irregular,,November 15-21,,,,,,,,,,,April 15-21,November 15-21
Common Loon,single-season,summer,,April 8-14,June 1-7,November 22-30,,,,,,,,,,,
Double-crested Cormorant,single-season,summer,,April 8-14,September 22-30,October 22-31,,,,,,,,,,,
White-faced Ibis,vagrant,irregular,irregular,,May 1-7,,,,,,,,,,,May 1-7,May 1-7
American Bittern,two-passage-migrant,two-passage,,,,,May 1-7,May 1-7,June 22-30,August 8-14,August 8-14,August 8-14,,,,,
Least Bittern,two-passage-migrant,two-passage,,,,,June 1-7,June 8-14,July 8-14,September 1-7,September 8-14,September 8-14,,,,,
Black-crowned Night Heron,vagrant,irregular,irregular,,August 8-14,,,,,,,,,,,April 22-30,August 8-14
Green Heron,single-season,summer,,May 15-21,September 8-14,September 22-30,,,,,,,,,,,
Great Egret,single-season,summer,,April 22-30,September 8-14,October 8-14,,,,,,,,,,,
Great Blue Heron,single-season,summer,,May 1-7,September 8-14,November 1-7,,,,,,,,,,,
American White Pelican,vagrant,irregular,irregular,,June 22-30,,,,,,,,,,,May 1-7,September 22-30
Black Vulture,vagrant,irregular,irregular,,November 22-30,,,,,,,,,,,April 1-7,November 22-30
Turkey Vulture,single-season,summer,,March 22-31,April 22-30,October 15-21,,,,,,,,,,,
Osprey,single-season,summer,,April 8-14,April 15-21,September 1-7,,,,,,,,,,,
Swallow-tailed Kite,vagrant,irregular,irregular,,September 15-21,,,,,,,,,,,September 15-21,September 15-21
Golden Eagle,two-passage-migrant,two-passage,,,,,March 8-14,March 8-14,March 8-14,November 8-14,December 1-7,December 8-14,,,,,
Sharp-shinned Hawk,two-passage-migrant,two-passage,,,,,March 22-31,May 1-7,May 22-31,July 22-31,October 8-14,October 8-14,,,,,
Cooper's Hawk,single-season,summer,,December 1-7,September 22-30,October 15-21,,,,,,,,,,,
American Goshawk,vagrant,irregular,irregular,,February 22-28,,,,,,,,,,,January 1-7,December 22-31
Northern Harrier,single-season,summer,,April 1-7,April 22-30,November 22-30,,,,,,,,,,,
Bald Eagle,resident,year-round,year-round,,,,,,,,,,,,,,
Mississippi Kite,vagrant,irregular,irregular,,May 22-31,,,,,,,,,,,May 22-31,May 22-31
Broad-winged Hawk,single-season,summer,,April 15-21,April 22-30,October 1-7,,,,,,,,,,,
Red-shouldered Hawk,vagrant,irregular,irregular,,September 15-21,,,,,,,,,,,January 1-7,December 22-31
Red-tailed Hawk,single-season,summer,,March 8-14,April 8-14,February 1-7,,,,,,,,,,,
Rough-legged Hawk,single-season,winter,,,,,,,,,,,November 1-7,December 1-7,April 22-30,,
Eastern Screech-Owl,two-passage-migrant,two-passage,,,,,February 1-7,February 1-7,February 1-7,October 8-14,October 8-14,October 8-14,,,,,
Snowy Owl,single-season,winter,,,,,,,,,,,November 15-21,March 1-7,March 22-31,,
Great Horned Owl,two-passage-migrant,two-passage,,,,,March 1-7,March 1-7,March 8-14,August 15-21,September 15-21,September 15-21,,,,,
Northern Hawk Owl,vagrant,irregular,irregular,,January 15-21,,,,,,,,,,,January 15-21,February 8-14
Barred Owl,two-passage-migrant,two-passage,,,,,February 15-21,April 8-14,June 15-21,July 22-31,September 15-21,September 15-21,,,,,
Great Gray Owl,vagrant,irregular,irregular,,February 8-14,,,,,,,,,,,February 8-14,September 22-30
Long-eared Owl,vagrant,irregular,irregular,,April 8-14,,,,,,,,,,,April 8-14,May 1-7
Boreal Owl,vagrant,irregular,irregular,,April 8-14,,,,,,,,,,,April 8-14,April 8-14
Northern Saw-whet Owl,two-passage-migrant,two-passage,,,,,March 15-21,March 22-31,May 1-7,November 15-21,November 15-21,November 15-21,,,,,
Belted Kingfisher,single-season,summer,,April 8-14,September 15-21,October 8-14,,,,,,,,,,,
Yellow-bellied Sapsucker,single-season,summer,,April 8-14,May 15-21,September 22-30,,,,,,,,,,,
Red-headed Woodpecker,vagrant,irregular,irregular,,June 8-14,,,,,,,,,,,February 8-14,November 22-30
Red-bellied Woodpecker,resident,year-round,year-round,,,,,,,,,,,,,,
Black-backed Woodpecker,vagrant,irregular,irregular,,February 22-28,,,,,,,,,,,February 22-28,February 22-28
Downy Woodpecker,resident,year-round,year-round,,,,,,,,,,,,,,
Hairy Woodpecker,resident,year-round,year-round,,,,,,,,,,,,,,
Pileated Woodpecker,resident,year-round,year-round,,,,,,,,,,,,,,
Northern Flicker,single-season,summer,,April 8-14,September 8-14,October 1-7,,,,,,,,,,,
American Kestrel,vagrant,irregular,irregular,,June 15-21,,,,,,,,,,,January 1-7,December 22-31
Merlin,single-season,summer,,March 8-14,April 8-14,October 22-31,,,,,,,,,,,
Peregrine Falcon,two-passage-migrant,two-passage,,,,,May 1-7,May 1-7,May 1-7,September 1-7,October 1-7,October 8-14,,,,,
Olive-sided Flycatcher,single-season,summer,,May 8-14,August 8-14,September 1-7,,,,,,,,,,,
Eastern Wood-Pewee,single-season,summer,,May 15-21,June 1-7,September 8-14,,,,,,,,,,,
Yellow-bellied Flycatcher,vagrant,irregular,irregular,,June 1-7,,,,,,,,,,,May 15-21,September 22-30
Acadian Flycatcher,vagrant,irregular,irregular,,June 8-14,,,,,,,,,,,June 1-7,June 8-14
Alder Flycatcher,two-passage-migrant,two-passage,,,,,May 15-21,June 1-7,June 15-21,July 22-31,July 22-31,July 22-31,,,,,
Willow Flycatcher,single-season,summer,,May 15-21,June 8-14,July 22-31,,,,,,,,,,,
Least Flycatcher,two-passage-migrant,two-passage,,,,,May 8-14,June 8-14,July 8-14,August 22-31,August 22-31,August 22-31,,,,,
Eastern Phoebe,single-season,summer,,April 1-7,June 1-7,October 1-7,,,,,,,,,,,
Great Crested Flycatcher,single-season,summer,,May 8-14,June 1-7,August 22-31,,,,,,,,,,,
Eastern Kingbird,single-season,summer,,May 8-14,June 8-14,August 22-31,,,,,,,,,,,
Scissor-tailed Flycatcher,vagrant,irregular,irregular,,May 8-14,,,,,,,,,,,May 8-14,May 8-14
Yellow-throated Vireo,single-season,summer,,May 8-14,June 15-21,August 15-21,,,,,,,,,,,
Blue-headed Vireo,single-season,summer,,April 22-30,May 15-21,October 1-7,,,,,,,,,,,
Philadelphia Vireo,vagrant,irregular,irregular,,May 15-21,,,,,,,,,,,May 8-14,September 15-21
Eastern Warbling Vireo,single-season,summer,,May 8-14,June 8-14,September 8-14,,,,,,,,,,,
Red-eyed Vireo,single-season,summer,,May 15-21,June 1-7,September 8-14,,,,,,,,,,,
Loggerhead Shrike,vagrant,irregular,irregular,,May 1-7,,,,,,,,,,,May 1-7,July 8-14
Northern Shrike,single-season,winter,,,,,,,,,,,December 1-7,December 1-7,January 1-7,,
Blue Jay,resident,year-round,year-round,,,,,,,,,,,,,,
Black-billed Magpie,vagrant,irregular,irregular,,May 8-14,,,,,,,,,,,May 8-14,May 8-14
American Crow,resident,year-round,year-round,,,,,,,,,,,,,,
Common Raven,resident,year-round,year-round,,,,,,,,,,,,,,
Black-capped Chickadee,resident,year-round,year-round,,,,,,,,,,,,,,
Tufted Titmouse,resident,year-round,year-round,,,,,,,,,,,,,,
Horned Lark,single-season,summer,,September 15-21,October 15-21,November 8-14,,,,,,,,,,,
Bank Swallow,single-season,summer,,April 22-30,June 8-14,August 8-14,,,,,,,,,,,
Tree Swallow,single-season,summer,,April 8-14,May 1-7,August 8-14,,,,,,,,,,,
Purple Martin,vagrant,irregular,irregular,,June 8-14,,,,,,,,,,,May 8-14,August 1-7
Northern Rough-winged Swallow,single-season,summer,,April 8-14,June 1-7,August 8-14,,,,,,,,,,,
Barn Swallow,single-season,summer,,April 22-30,August 8-14,August 22-31,,,,,,,,,,,
Cliff Swallow,single-season,summer,,April 22-30,May 22-31,August 8-14,,,,,,,,,,,
Ruby-crowned Kinglet,two-passage-migrant,two-passage,,,,,April 15-21,May 1-7,May 8-14,September 15-21,October 8-14,October 15-21,,,,,
Golden-crowned Kinglet,vagrant,irregular,irregular,,October 1-7,,,,,,,,,,,January 15-21,December 22-31
White-breasted Nuthatch,resident,year-round,year-round,,,,,,,,,,,,,,
Red-breasted Nuthatch,resident,year-round,year-round,,,,,,,,,,,,,,
Brown Creeper,resident,year-round,year-round,,,,,,,,,,,,,,
Blue-gray Gnatcatcher,vagrant,irregular,irregular,,May 8-14,,,,,,,,,,,May 1-7,September 8-14
Northern House Wren,two-passage-migrant,two-passage,,,,,May 8-14,June 15-21,August 1-7,September 8-14,September 8-14,September 8-14,,,,,
Winter Wren,single-season,summer,,April 1-7,June 22-30,October 8-14,,,,,,,,,,,
Sedge Wren,single-season,summer,,May 8-14,June 1-7,July 15-21,,,,,,,,,,,
Marsh Wren,single-season,summer,,May 8-14,June 1-7,October 8-14,,,,,,,,,,,
Carolina Wren,two-passage-migrant,two-passage,,,,,June 22-30,June 22-30,June 22-30,September 22-30,September 22-30,September 22-30,,,,,
European Starling,resident,year-round,year-round,,,,,,,,,,,,,,
Gray Catbird,single-season,summer,,May 8-14,June 1-7,October 8-14,,,,,,,,,,,
Brown Thrasher,single-season,summer,,April 22-30,May 8-14,September 15-21,,,,,,,,,,,
Northern Mockingbird,vagrant,irregular,irregular,,June 22-30,,,,,,,,,,,April 22-30,November 8-14
Eastern Bluebird,single-season,summer,,March 22-31,June 15-21,October 15-21,,,,,,,,,,,
Townsend's Solitaire,vagrant,irregular,irregular,,December 22-31,,,,,,,,,,,December 22-31,December 22-31
Veery,single-season,summer,,May 15-21,June 1-7,July 15-21,,,,,,,,,,,
Gray-cheeked Thrush,vagrant,irregular,irregular,,September 22-30,,,,,,,,,,,May 8-14,September 22-30
Swainson's Thrush,two-passage-migrant,two-passage,,,,,May 8-14,May 15-21,June 1-7,August 15-21,September 22-30,October 8-14,,,,,
Hermit Thrush,single-season,summer,,April 15-21,June 22-30,October 15-21,,,,,,,,,,,
Wood Thrush,single-season,summer,,May 8-14,June 22-30,July 22-31,,,,,,,,,,,
American Robin,vagrant,irregular,irregular,,June 1-7,,,,,,,,,,,January 1-7,December 22-31
Bohemian Waxwing,single-season,winter,,,,,,,,,,,December 1-7,December 1-7,March 1-7,,
Cedar Waxwing,vagrant,irregular,irregular,,July 8-14,,,,,,,,,,,January 1-7,December 22-31
House Sparrow,resident,year-round,year-round,,,,,,,,,,,,,,
American Pipit,two-passage-migrant,two-passage,,,,,May 15-21,May 15-21,May 15-21,September 8-14,October 1-7,October 22-31,,,,,
Evening Grosbeak,single-season,winter,,,,,,,,,,,November 15-21,December 1-7,May 1-7,,
Pine Grosbeak,single-season,winter,,,,,,,,,,,November 15-21,December 8-14,March 1-7,,
House Finch,single-season,summer,,February 15-21,December 15-21,December 22-31,,,,,,,,,,,
Purple Finch,vagrant,irregular,irregular,,December 1-7,,,,,,,,,,,January 1-7,December 22-31
Cassin's Finch,vagrant,irregular,irregular,,December 8-14,,,,,,,,,,,January 1-7,December 22-31
Redpoll,single-season,winter,,,,,,,,,,,November 8-14,March 1-7,April 15-21,,
Red Crossbill,vagrant,irregular,irregular,,January 22-31,,,,,,,,,,,January 15-21,December 22-31
White-winged Crossbill,single-season,winter,,,,,,,,,,,October 8-14,November 8-14,January 22-31,,
Pine Siskin,single-season,winter,,,,,,,,,,,October 1-7,February 15-21,May 22-31,,
American Goldfinch,resident,year-round,year-round,,,,,,,,,,,,,,
Lapland Longspur,vagrant,irregular,irregular,,October 8-14,,,,,,,,,,,April 15-21,October 15-21
Snow Bunting,two-passage-migrant,two-passage,,,,,February 1-7,February 1-7,February 8-14,October 22-31,November 8-14,December 22-31,,,,,
Grasshopper Sparrow,two-passage-migrant,two-passage,,,,,May 22-31,June 1-7,June 15-21,July 22-31,July 22-31,August 1-7,,,,,
Chipping Sparrow,single-season,summer,,April 8-14,June 15-21,September 1-7,,,,,,,,,,,
Clay-colored Sparrow,single-season,summer,,May 1-7,June 1-7,September 1-7,,,,,,,,,,,
Field Sparrow,two-passage-migrant,two-passage,,,,,April 1-7,June 15-21,July 22-31,September 8-14,September 8-14,September 8-14,,,,,
Lark Sparrow,vagrant,irregular,irregular,,April 15-21,,,,,,,,,,,April 15-21,April 15-21
American Tree Sparrow,vagrant,irregular,irregular,,December 1-7,,,,,,,,,,,January 1-7,December 22-31
Fox Sparrow,single-season,summer,,April 8-14,April 8-14,April 22-30,,,,,,,,,,,
Dark-eyed Junco,two-passage-migrant,two-passage,,,,,February 8-14,April 15-21,May 1-7,September 22-30,October 15-21,November 22-30,,,,,
White-crowned Sparrow,two-passage-migrant,two-passage,,,,,May 1-7,May 8-14,May 15-21,September 22-30,October 1-7,October 15-21,,,,,
White-throated Sparrow,single-season,summer,,April 15-21,September 22-30,October 8-14,,,,,,,,,,,
Vesper Sparrow,single-season,summer,,April 15-21,June 15-21,October 1-7,,,,,,,,,,,
LeConte's Sparrow,vagrant,irregular,irregular,,October 1-7,,,,,,,,,,,May 15-21,October 1-7
Savannah Sparrow,two-passage-migrant,two-passage,,,,,April 15-21,July 8-14,July 15-21,September 1-7,September 8-14,October 8-14,,,,,
Henslow's Sparrow,vagrant,irregular,irregular,,June 8-14,,,,,,,,,,,June 8-14,June 15-21
Song Sparrow,single-season,summer,,March 22-31,July 8-14,October 8-14,,,,,,,,,,,
Lincoln's Sparrow,two-passage-migrant,two-passage,,,,,April 22-30,May 8-14,May 15-21,September 1-7,September 15-21,October 1-7,,,,,
Swamp Sparrow,single-season,summer,,April 22-30,May 15-21,October 8-14,,,,,,,,,,,
Eastern Towhee,vagrant,irregular,irregular,,June 8-14,,,,,,,,,,,January 1-7,December 1-7
Yellow-headed Blackbird,vagrant,irregular,irregular,,September 15-21,,,,,,,,,,,April 22-30,September 15-21
Bobolink,single-season,summer,,May 8-14,June 8-14,July 8-14,,,,,,,,,,,
Western Meadowlark,vagrant,irregular,irregular,,May 1-7,,,,,,,,,,,May 1-7,May 1-7
Eastern Meadowlark,single-season,summer,,March 22-31,June 8-14,July 8-14,,,,,,,,,,,
Orchard Oriole,vagrant,irregular,irregular,,May 8-14,,,,,,,,,,,May 8-14,June 15-21
Baltimore Oriole,two-passage-migrant,two-passage,,,,,May 8-14,May 8-14,July 1-7,August 8-14,August 8-14,September 1-7,,,,,
Red-winged Blackbird,single-season,summer,,March 1-7,June 1-7,October 8-14,,,,,,,,,,,
Brown-headed Cowbird,single-season,summer,,April 1-7,May 8-14,August 8-14,,,,,,,,,,,
Rusty Blackbird,two-passage-migrant,two-passage,,,,,April 15-21,April 15-21,May 8-14,September 8-14,September 22-30,October 8-14,,,,,
Brewer's Blackbird,two-passage-migrant,two-passage,,,,,April 15-21,May 1-7,June 8-14,September 15-21,October 15-21,October 15-21,,,,,
Common Grackle,single-season,summer,,March 15-21,June 1-7,October 1-7,,,,,,,,,,,
Ovenbird,single-season,summer,,May 8-14,June 1-7,July 15-21,,,,,,,,,,,
Northern Waterthrush,single-season,summer,,May 1-7,May 15-21,July 22-31,,,,,,,,,,,
Golden-winged Warbler,two-passage-migrant,two-passage,,,,,May 8-14,May 15-21,June 22-30,August 8-14,August 8-14,August 8-14,,,,,
Blue-winged Warbler,vagrant,irregular,irregular,,June 15-21,,,,,,,,,,,May 22-31,September 15-21
Black-and-white Warbler,single-season,summer,,May 1-7,May 15-21,September 15-21,,,,,,,,,,,
Tennessee Warbler,two-passage-migrant,two-passage,,,,,May 15-21,May 15-21,May 22-31,August 22-31,September 8-14,September 22-30,,,,,
Orange-crowned Warbler,vagrant,irregular,irregular,,October 15-21,,,,,,,,,,,May 1-7,October 15-21
Nashville Warbler,single-season,summer,,May 1-7,May 15-21,September 22-30,,,,,,,,,,,
Connecticut Warbler,vagrant,irregular,irregular,,May 22-31,,,,,,,,,,,May 15-21,May 22-31
Mourning Warbler,single-season,summer,,May 15-21,June 1-7,August 8-14,,,,,,,,,,,
Common Yellowthroat,single-season,summer,,May 8-14,June 1-7,September 15-21,,,,,,,,,,,
American Redstart,single-season,summer,,May 8-14,June 1-7,September 15-21,,,,,,,,,,,
Kirtland's Warbler,vagrant,irregular,irregular,,June 1-7,,,,,,,,,,,May 15-21,July 15-21
Cape May Warbler,two-passage-migrant,two-passage,,,,,May 8-14,May 15-21,June 1-7,August 15-21,September 1-7,September 15-21,,,,,
Northern Parula,two-passage-migrant,two-passage,,,,,May 8-14,May 15-21,July 15-21,September 1-7,September 8-14,September 8-14,,,,,
Magnolia Warbler,two-passage-migrant,two-passage,,,,,May 8-14,May 15-21,June 22-30,August 22-31,August 22-31,September 22-30,,,,,
Bay-breasted Warbler,two-passage-migrant,two-passage,,,,,May 15-21,May 15-21,May 22-31,August 15-21,August 22-31,September 22-30,,,,,
Blackburnian Warbler,single-season,summer,,May 8-14,June 1-7,September 15-21,,,,,,,,,,,
Northern Yellow Warbler,single-season,summer,,May 8-14,June 1-7,August 15-21,,,,,,,,,,,
Chestnut-sided Warbler,single-season,summer,,May 8-14,May 22-31,September 8-14,,,,,,,,,,,
Blackpoll Warbler,two-passage-migrant,two-passage,,,,,May 8-14,May 15-21,May 22-31,August 22-31,September 15-21,September 22-30,,,,,
Black-throated Blue Warbler,two-passage-migrant,two-passage,,,,,May 8-14,May 15-21,July 15-21,August 22-31,September 8-14,September 15-21,,,,,
Palm Warbler,two-passage-migrant,two-passage,,,,,April 22-30,May 1-7,May 15-21,September 8-14,September 8-14,October 1-7,,,,,
Pine Warbler,single-season,summer,,April 15-21,June 1-7,September 15-21,,,,,,,,,,,
Yellow-rumped Warbler,single-season,summer,,April 8-14,May 8-14,October 15-21,,,,,,,,,,,
Black-throated Green Warbler,single-season,summer,,May 1-7,May 8-14,September 22-30,,,,,,,,,,,
Canada Warbler,single-season,summer,,May 15-21,June 1-7,September 1-7,,,,,,,,,,,
Wilson's Warbler,vagrant,irregular,irregular,,May 22-31,,,,,,,,,,,May 8-14,September 15-21
Summer Tanager,vagrant,irregular,irregular,,May 22-31,,,,,,,,,,,May 22-31,May 22-31
Scarlet Tanager,single-season,summer,,May 8-14,June 22-30,August 22-31,,,,,,,,,,,
Northern Cardinal,resident,year-round,year-round,,,,,,,,,,,,,,
Rose-breasted Grosbeak,single-season,summer,,May 1-7,May 8-14,September 15-21,,,,,,,,,,,
Indigo Bunting,single-season,summer,,May 8-14,June 15-21,August 8-14,,,,,,,,,,,
Painted Bunting,vagrant,irregular,irregular,,May 15-21,,,,,,,,,,,May 15-21,May 15-21
Dickcissel,vagrant,irregular,irregular,,June 8-14,,,,,,,,,,,June 1-7,July 15-21
