species,category,pattern_type,peak_frequency,min_frequency,min_max_ratio,weeks_with_presence,num_valleys,valleys,valley_types,is_overwintering,edge_case_flags
Black-bellied Whistling-Duck,vagrant,irregular,0.040886,0.0,0.0,3,1,26-24,winter,No,low_annual_presence
Snow Goose,two-passage-migrant,two-passage,0.009039,0.0,0.0,26,2,0-6;9-35,winter|summer,Yes,classic_bimodal
Ross's Goose,two-passage-migrant,two-passage,0.015779,0.0,0.0,18,2,2-6;8-42,winter|summer,No,classic_bimodal
Graylag Goose,vagrant,irregular,0.002457,0.0,0.0,14,1,0-47,winter,No,low_peak_frequency|low_presence|low_annual_presence
Swan Goose,vagrant,irregular,0.000503,0.0,0.0,3,1,0-47,winter,No,low_peak_frequency|low_annual_presence
Greater White-fronted Goose,two-passage-migrant,two-passage,0.016522,0.0,0.0,23,2,12-35;41-45,summer|winter,No,classic_bimodal
Brant,vagrant,irregular,0.044164,0.0,0.0,2,1,43-40,summer,No,low_annual_presence
Barnacle Goose,vagrant,irregular,0.00553,0.0,0.0,6,1,29-27,winter,No,low_annual_presence
Cackling Goose,single-season,winter,0.012528,0.0,0.0,18,1,0-36,summer,No,overwintering
Canada Goose,resident,year-round,0.554097,0.111201,0.2007,48,0,,,No,seasonal_variation
Mute Swan,resident,year-round,0.190189,0.06422,0.3377,48,0,,,No,seasonal_variation
Black Swan,vagrant,irregular,0.0015,0.0,0.0,1,1,0-47,winter,No,low_peak_frequency|low_annual_presence
Trumpeter Swan,single-season,winter,0.059122,0.001896,0.0321,48,1,15-29,summer,No,overwintering
Tundra Swan,single-season,winter,0.041667,0.0,0.0,26,1,11-38,summer,Yes,overwintering
Ruddy Shelduck,vagrant,irregular,0.000737,0.0,0.0,1,1,0-47,winter,No,low_peak_frequency|low_annual_presence
Muscovy Duck,vagrant,irregular,0.001961,0.0,0.0,15,1,0-47,winter,No,low_peak_frequency|low_annual_presence
Wood Duck,single-season,summer,0.206264,0.002941,0.0143,48,1,42-8,winter,No,
Blue-winged Teal,two-passage-migrant,two-passage,0.187595,0.0,0.0,34,2,18-30;33-10,summer|winter,No,classic_bimodal
Cinnamon Teal,vagrant,irregular,0.001891,0.0,0.0,2,1,0-47,winter,No,low_peak_frequency|low_annual_presence
Northern Shoveler,two-passage-migrant,two-passage,0.12268,0.0,0.0,42,2,17-37;44-6,summer|winter,No,classic_bimodal
Gadwall,single-season,winter,0.082657,0.0,0.0,41,1,17-35,summer,No,overwintering
Eurasian Wigeon,vagrant,irregular,0.020371,0.0,0.0,10,1,17-11,winter,No,low_presence|low_annual_presence
American Wigeon,two-passage-migrant,two-passage,0.078316,0.0,0.0,39,3,3-6;16-35;43-47,winter|summer|winter,No,three_valley_migrant
Mallard,resident,year-round,0.552029,0.257497,0.4665,48,0,,,No,seasonal_variation
American Black Duck,single-season,winter,0.044638,0.000724,0.0162,48,1,14-27,summer,No,overwintering
Northern Pintail,single-season,winter,0.034396,0.0,0.0,37,1,15-35,summer,Yes,overwintering
Green-winged Teal,two-passage-migrant,two-passage,0.086409,0.0,0.0,45,3,1-6;17-30;44-47,winter|summer|winter,No,three_valley_migrant
Canvasback,single-season,winter,0.036145,0.0,0.0,30,1,14-38,summer,Yes,overwintering
Redhead,single-season,winter,0.19083,0.0,0.0,45,1,14-37,summer,No,overwintering
Ring-necked Duck,two-passage-migrant,two-passage,0.112721,0.0,0.0,32,2,2-6;17-46,winter|summer,Yes,classic_bimodal
Tufted Duck,vagrant,irregular,0.071045,0.0,0.0,2,1,9-7,winter,No,low_annual_presence
Greater Scaup,single-season,winter,0.168525,0.0,0.0,35,1,15-40,summer,Yes,overwintering
Lesser Scaup,single-season,winter,0.113589,0.0,0.0,41,1,17-37,summer,No,overwintering
King Eider,vagrant,irregular,0.017544,0.0,0.0,4,1,11-8,summer,No,low_annual_presence
Common Eider,vagrant,irregular,0.019408,0.0,0.0,2,1,1-46,summer,Yes,low_annual_presence
Harlequin Duck,single-season,winter,0.031558,0.0,0.0,30,1,12-35,summer,Yes,overwintering
Surf Scoter,single-season,winter,0.016434,0.0,0.0,29,1,10-36,summer,No,overwintering
White-winged Scoter,single-season,winter,0.078067,0.0,0.0,31,1,15-37,summer,Yes,overwintering
Black Scoter,single-season,winter,0.015773,0.0,0.0,23,1,10-37,summer,Yes,overwintering
Long-tailed Duck,single-season,winter,0.15575,0.0,0.0,37,1,13-40,summer,Yes,overwintering
Bufflehead,single-season,winter,0.197827,0.0,0.0,42,1,17-38,summer,No,overwintering
Common Goldeneye,single-season,winter,0.254068,0.0,0.0,31,1,12-40,summer,Yes,overwintering
Barrow's Goldeneye,vagrant,irregular,0.00572,0.0,0.0,4,1,6-4,winter,No,low_annual_presence
Hooded Merganser,single-season,winter,0.060429,0.000695,0.0115,48,2,15-30;33-38,summer|summer,No,overwintering|two_summer_valleys_merged
Common Merganser,single-season,winter,0.194472,0.0,0.0,41,1,14-40,summer,No,overwintering
Red-breasted Merganser,single-season,winter,0.247005,0.0,0.0,44,1,16-38,summer,No,overwintering
Ruddy Duck,two-passage-migrant,two-passage,0.085855,0.00081,0.0094,48,3,5-11;17-35;43-47,winter|summer|winter,No,three_valley_migrant
Helmeted Guineafowl,vagrant,irregular,0.000701,0.0,0.0,1,1,0-47,winter,No,low_peak_frequency|low_annual_presence
Northern Bobwhite,vagrant,irregular,0.002082,0.0,0.0,11,1,0-47,winter,No,low_peak_frequency|low_presence
Wild Turkey,resident,year-round,0.069065,0.011645,0.1686,48,0,,,No,seasonal_variation|min_max_near_boundary
Ruffed Grouse,vagrant,irregular,0.0015,0.0,0.0,9,1,0-47,winter,Yes,low_peak_frequency|low_annual_presence
Ring-necked Pheasant,vagrant,irregular,0.004202,0.0,0.0,45,1,0-47,winter,No,low_peak_frequency
Chukar,vagrant,irregular,0.0015,0.0,0.0,1,1,0-47,winter,No,low_peak_frequency|low_annual_presence
Rock Pigeon,resident,year-round,0.092669,0.027223,0.2938,48,0,,,No,seasonal_variation
Eurasian Collared-Dove,single-season,winter,0.007435,0.0,0.0,33,2,9-21;24-47,summer|summer,No,overwintering|two_summer_valleys_merged
White-winged Dove,vagrant,irregular,0.002431,0.0,0.0,2,1,0-47,winter,No,low_peak_frequency|low_annual_presence
Mourning Dove,resident,year-round,0.512175,0.19795,0.3865,48,0,,,No,seasonal_variation
Yellow-billed Cuckoo,single-season,summer,0.038088,0.0,0.0,23,1,35-17,winter,No,
Black-billed Cuckoo,single-season,summer,0.030679,0.0,0.0,21,1,24-16,winter,No,
Common Nighthawk,two-passage-migrant,two-passage,0.020146,0.0,0.0,20,2,22-25;35-16,summer|winter,No,classic_bimodal
Chuck-will's-widow,vagrant,irregular,0.000517,0.0,0.0,1,1,0-47,winter,No,low_peak_frequency|low_annual_presence
Eastern Whip-poor-will,single-season,summer,0.013414,0.0,0.0,20,1,25-15,winter,No,
Chimney Swift,single-season,summer,0.1372,0.0,0.0,25,1,36-15,winter,No,
Ruby-throated Hummingbird,single-season,summer,0.305195,0.0,0.0,26,1,37-16,winter,No,
Rufous Hummingbird,vagrant,irregular,0.00194,0.0,0.0,3,1,0-47,winter,No,low_peak_frequency|low_annual_presence
King Rail,vagrant,irregular,0.0015,0.0,0.0,1,1,0-47,winter,No,low_peak_frequency|low_annual_presence
Virginia Rail,single-season,summer,0.063275,0.0,0.0,34,1,29-12,winter,No,
Sora,single-season,summer,0.123991,0.0,0.0,27,1,21-12,winter,No,
Common Gallinule,single-season,summer,0.031656,0.0,0.0,27,1,38-13,winter,No,
American Coot,two-passage-migrant,two-passage,0.119516,0.000819,0.0069,48,2,3-8;18-34,winter|summer,No,classic_bimodal
Yellow Rail,vagrant,irregular,0.01094,0.0,0.0,3,1,17-15,winter,No,low_annual_presence
Black Rail,vagrant,irregular,0.0015,0.0,0.0,3,1,0-47,winter,No,low_peak_frequency|low_annual_presence
Limpkin,vagrant,irregular,0.028283,0.0,0.0,6,1,32-30,winter,No,low_annual_presence
Sandhill Crane,single-season,summer,0.204165,0.0,0.0,45,1,40-5,winter,No,
Whooping Crane,vagrant,irregular,0.00573,0.0,0.0,2,1,14-12,winter,No,low_annual_presence
Black-necked Stilt,vagrant,irregular,0.014137,0.0,0.0,1,1,35-33,winter,No,low_annual_presence
American Avocet,single-season,summer,0.011374,0.0,0.0,18,1,31-22,winter,No,
Black-bellied Plover,single-season,summer,0.025298,0.0,0.0,18,1,39-29,winter,No,
American Golden-Plover,single-season,summer,0.049351,0.0,0.0,15,1,39-30,winter,No,
Killdeer,single-season,summer,0.252399,0.0,0.0,44,1,41-6,winter,No,
Semipalmated Plover,two-passage-migrant,two-passage,0.065584,0.0,0.0,23,2,19-26;36-17,summer|winter,No,classic_bimodal
Piping Plover,vagrant,irregular,0.020819,0.0,0.0,9,1,32-26,winter,No,
Upland Sandpiper,single-season,summer,0.01461,0.0,0.0,16,1,28-21,winter,No,
Hudsonian Whimbrel,vagrant,irregular,0.002779,0.0,0.0,5,1,0-47,winter,No,low_peak_frequency|low_annual_presence
Hudsonian Godwit,vagrant,irregular,0.00101,0.0,0.0,1,1,0-47,winter,No,low_peak_frequency|low_annual_presence
Marbled Godwit,vagrant,irregular,0.005352,0.0,0.0,9,1,24-22,winter,No,
Short-billed Dowitcher,vagrant,irregular,0.010768,0.0,0.0,14,3,19-24;27-30;33-17,summer|summer|winter,No,three_valleys_irregular|low_presence
Long-billed Dowitcher,vagrant,irregular,0.007243,0.0,0.0,8,1,14-11,winter,No,low_annual_presence
American Woodcock,single-season,summer,0.026568,0.0,0.0,35,1,20-7,winter,No,
Wilson's Snipe,two-passage-migrant,two-passage,0.042399,0.0,0.0,42,2,18-29;40-10,summer|winter,No,classic_bimodal
Wilson's Phalarope,two-passage-migrant,two-passage,0.013923,0.0,0.0,10,2,17-29;33-15,summer|winter,No,classic_bimodal|low_presence
Red Phalarope,vagrant,irregular,0.011688,0.0,0.0,5,1,40-31,winter,No,low_annual_presence
Red-necked Phalarope,vagrant,irregular,0.008081,0.0,0.0,8,2,19-30;34-17,summer|winter,No,
Spotted Sandpiper,single-season,summer,0.167877,0.0,0.0,29,1,35-14,winter,No,
Solitary Sandpiper,two-passage-migrant,two-passage,0.063298,0.0,0.0,22,2,19-25;35-14,summer|winter,No,classic_bimodal
Lesser Yellowlegs,two-passage-migrant,two-passage,0.079798,0.0,0.0,28,2,19-24;39-13,summer|winter,No,classic_bimodal
Willet,two-passage-migrant,two-passage,0.01682,0.0,0.0,18,2,19-22;30-17,summer|winter,No,classic_bimodal
Greater Yellowlegs,two-passage-migrant,two-passage,0.047262,0.0,0.0,30,2,19-25;41-12,summer|winter,No,classic_bimodal
Ruddy Turnstone,two-passage-migrant,two-passage,0.034848,0.0,0.0,18,2,21-26;36-17,summer|winter,No,classic_bimodal
Red Knot,vagrant,irregular,0.032323,0.0,0.0,6,1,34-30,winter,No,
Curlew Sandpiper,vagrant,irregular,0.0015,0.0,0.0,1,1,0-47,winter,No,low_peak_frequency|low_annual_presence
Stilt Sandpiper,vagrant,irregular,0.02013,0.0,0.0,9,1,33-29,winter,No,
Buff-breasted Sandpiper,vagrant,irregular,0.028571,0.0,0.0,7,1,35-30,winter,No,
Sanderling,single-season,summer,0.165349,0.0,0.0,27,1,42-25,winter,No,
Dunlin,two-passage-migrant,two-passage,0.055369,0.0,0.0,22,2,20-35;43-16,summer|winter,No,classic_bimodal
Purple Sandpiper,vagrant,irregular,0.068564,0.0,0.0,25,2,2-33;35-38,summer|mixed,Yes,two_valleys_close
Baird's Sandpiper,vagrant,irregular,0.042929,0.0,0.0,9,1,35-27,winter,No,
White-rumped Sandpiper,vagrant,irregular,0.006452,0.0,0.0,8,1,38-35,winter,No,
Least Sandpiper,two-passage-migrant,two-passage,0.123669,0.0,0.0,23,2,19-25;34-17,summer|winter,No,classic_bimodal
Pectoral Sandpiper,two-passage-migrant,two-passage,0.045045,0.0,0.0,25,2,17-25;39-15,summer|winter,No,classic_bimodal
Semipalmated Sandpiper,single-season,summer,0.133838,0.0,0.0,19,1,34-26,winter,No,
Parasitic Jaeger,vagrant,irregular,0.005952,0.0,0.0,4,1,35-32,winter,No,low_annual_presence
Pomarine Jaeger,vagrant,irregular,0.000585,0.0,0.0,1,1,0-47,winter,No,low_peak_frequency|low_annual_presence
Little Gull,single-season,summer,0.027318,0.0,0.0,16,1,34-32,winter,No,
Black-legged Kittiwake,single-season,winter,0.02378,0.0,0.0,14,1,5-46,summer,Yes,overwintering|low_presence
Bonaparte's Gull,two-passage-migrant,two-passage,0.137067,0.0,0.0,41,2,0-13;15-26,winter|summer,No,classic_bimodal
Laughing Gull,vagrant,irregular,0.01945,0.0,0.0,9,1,25-19,winter,No,
Franklin's Gull,single-season,summer,0.005606,0.0,0.0,16,1,37-35,winter,No,
Short-billed Gull,vagrant,irregular,0.0015,0.0,0.0,1,1,0-47,winter,No,low_peak_frequency|low_annual_presence
Ring-billed Gull,resident,year-round,0.394444,0.11857,0.3006,48,0,,,No,seasonal_variation
American Herring Gull,resident,year-round,0.264435,0.059165,0.2237,48,0,,,No,seasonal_variation
Great Black-backed Gull,single-season,winter,0.140362,0.005071,0.0361,48,2,13-19;21-25,summer|summer,No,overwintering|two_summer_valleys_merged
Glaucous Gull,single-season,winter,0.02426,0.0,0.0,33,1,12-41,summer,Yes,overwintering
Lesser Black-backed Gull,single-season,winter,0.028031,0.0,0.0,47,1,12-18,summer,No,overwintering
California Gull,vagrant,irregular,0.001401,0.0,0.0,1,1,0-47,winter,No,low_peak_frequency|low_annual_presence
Iceland Gull,single-season,winter,0.016012,0.0,0.0,25,1,9-46,summer,Yes,overwintering
Caspian Tern,single-season,summer,0.078283,0.0,0.0,26,1,35-13,winter,No,
Black Tern,single-season,summer,0.006613,0.0,0.0,19,1,25-20,winter,No,
Forster's Tern,two-passage-migrant,two-passage,0.050324,0.0,0.0,28,2,22-25;40-16,summer|winter,No,classic_bimodal
Common Tern,two-passage-migrant,two-passage,0.057513,0.0,0.0,26,2,20-27;40-16,summer|winter,No,classic_bimodal
Royal Tern,vagrant,irregular,0.010226,0.0,0.0,1,1,20-18,winter,No,low_annual_presence
Pied-billed Grebe,two-passage-migrant,two-passage,0.107035,0.000833,0.0078,48,2,17-30;43-8,summer|winter,No,classic_bimodal
Horned Grebe,two-passage-migrant,two-passage,0.067823,0.0,0.0,34,2,1-6;16-38,winter|summer,Yes,classic_bimodal
Red-necked Grebe,two-passage-migrant,two-passage,0.008192,0.0,0.0,17,2,12-37;40-9,summer|winter,No,classic_bimodal
Eared Grebe,two-passage-migrant,two-passage,0.010212,0.0,0.0,13,2,0-13;15-45,winter|summer,No,classic_bimodal|low_presence
Western Grebe,vagrant,irregular,0.007278,0.0,0.0,4,1,1-42,summer,Yes,low_annual_presence
Red-throated Loon,single-season,winter,0.032994,0.0,0.0,28,1,12-37,summer,Yes,overwintering
Common Loon,two-passage-migrant,two-passage,0.05205,0.0,0.0,41,2,2-10;16-37,winter|summer,No,classic_bimodal
Double-crested Cormorant,single-season,summer,0.296909,0.001652,0.0056,48,1,42-11,winter,No,
Neotropic Cormorant,vagrant,irregular,0.001042,0.0,0.0,2,1,0-47,winter,No,low_peak_frequency|low_annual_presence
White-faced Ibis,vagrant,irregular,0.000347,0.0,0.0,2,1,0-47,winter,No,low_peak_frequency|low_annual_presence
American Bittern,single-season,summer,0.022402,0.0,0.0,20,1,22-12,winter,No,
Least Bittern,single-season,summer,0.017634,0.0,0.0,20,1,32-18,winter,No,
Yellow-crowned Night Heron,vagrant,irregular,0.001358,0.0,0.0,1,1,0-47,winter,No,low_peak_frequency|low_annual_presence
Black-crowned Night Heron,two-passage-migrant,two-passage,0.030664,0.0,0.0,39,2,16-24;38-13,summer|winter,No,classic_bimodal
Snowy Egret,vagrant,irregular,0.0015,0.0,0.0,5,1,0-47,winter,No,low_peak_frequency|low_annual_presence
Green Heron,single-season,summer,0.185118,0.0,0.0,28,1,36-14,winter,No,
Western Cattle-Egret,vagrant,irregular,0.004949,0.0,0.0,8,1,0-47,winter,No,low_peak_frequency|low_annual_presence
Great Egret,two-passage-migrant,two-passage,0.117677,0.0,0.0,35,2,17-21;40-12,summer|winter,No,classic_bimodal
Great Blue Heron,resident,year-round,0.304546,0.032058,0.1053,48,0,,,No,seasonal_variation|min_max_near_boundary
American White Pelican,two-passage-migrant,two-passage,0.020626,0.0,0.0,27,2,23-35;40-12,summer|winter,No,classic_bimodal
Brown Pelican,vagrant,irregular,0.0015,0.0,0.0,1,1,0-47,winter,No,low_peak_frequency|low_annual_presence
Turkey Vulture,single-season,summer,0.212758,0.0,0.0,45,1,40-8,winter,No,
Osprey,single-season,summer,0.077778,0.0,0.0,32,1,36-11,winter,No,
Swallow-tailed Kite,vagrant,irregular,0.009828,0.0,0.0,1,1,31-29,winter,No,low_annual_presence
Golden Eagle,vagrant,irregular,0.0015,0.0,0.0,10,1,0-47,winter,No,low_peak_frequency|low_presence
Sharp-shinned Hawk,single-season,winter,0.035714,0.0,0.0,42,1,18-32,summer,No,overwintering
Cooper's Hawk,resident,year-round,0.074118,0.013761,0.1857,48,0,,,No,seasonal_variation|min_max_near_boundary
Northern Harrier,two-passage-migrant,two-passage,0.018533,0.0,0.0,45,2,0-7;17-30,winter|summer,No,classic_bimodal
Bald Eagle,resident,year-round,0.178392,0.03128,0.1753,48,0,,,No,seasonal_variation|min_max_near_boundary
Mississippi Kite,vagrant,irregular,0.000241,0.0,0.0,1,1,0-47,winter,No,low_peak_frequency|low_annual_presence
Broad-winged Hawk,two-passage-migrant,two-passage,0.017254,0.0,0.0,26,2,26-32;37-13,summer|winter,No,classic_bimodal
Red-shouldered Hawk,resident,year-round,0.040936,0.004163,0.1017,48,0,,,No,seasonal_variation|min_max_near_boundary
Swainson's Hawk,vagrant,irregular,0.001488,0.0,0.0,2,1,0-47,winter,No,low_peak_frequency|low_annual_presence
Red-tailed Hawk,resident,year-round,0.195741,0.100511,0.5135,48,0,,,No,
Rough-legged Hawk,single-season,winter,0.0286,0.0,0.0,29,1,10-38,summer,Yes,overwintering
Ferruginous Hawk,vagrant,irregular,0.0015,0.0,0.0,1,1,0-47,winter,No,low_peak_frequency|low_annual_presence
American Barn Owl,vagrant,irregular,0.0015,0.0,0.0,3,1,0-47,winter,No,low_peak_frequency|low_annual_presence
Eastern Screech-Owl,single-season,winter,0.027231,0.0,0.0,47,1,20-32,summer,No,overwintering
Snowy Owl,single-season,winter,0.055227,0.0,0.0,25,1,9-41,summer,Yes,overwintering
Great Horned Owl,single-season,winter,0.022393,0.000744,0.0332,48,1,18-29,summer,No,overwintering
Barred Owl,resident,year-round,0.018112,0.001678,0.0926,48,0,,,No,seasonal_variation|min_max_near_boundary
Long-eared Owl,vagrant,irregular,0.004732,0.0,0.0,10,1,0-47,winter,No,low_peak_frequency|low_presence|low_annual_presence
Short-eared Owl,vagrant,irregular,0.003943,0.0,0.0,21,1,0-47,winter,No,low_peak_frequency
Northern Saw-whet Owl,vagrant,irregular,0.003839,0.0,0.0,15,1,0-47,winter,Yes,low_peak_frequency
Belted Kingfisher,resident,year-round,0.18001,0.020338,0.113,48,0,,,No,seasonal_variation|min_max_near_boundary
Yellow-bellied Sapsucker,two-passage-migrant,two-passage,0.090145,0.0,0.0,36,2,16-34;39-11,summer|winter,Yes,classic_bimodal
Red-headed Woodpecker,single-season,summer,0.092007,0.004412,0.048,48,1,0-8,winter,No,
Red-bellied Woodpecker,resident,year-round,0.419901,0.132547,0.3157,48,0,,,No,seasonal_variation
Downy Woodpecker,resident,year-round,0.427426,0.221999,0.5194,48,0,,,No,
Hairy Woodpecker,resident,year-round,0.208607,0.079621,0.3817,48,0,,,No,seasonal_variation
Pileated Woodpecker,resident,year-round,0.11103,0.033531,0.302,48,0,,,No,seasonal_variation
Northern Flicker,single-season,summer,0.355615,0.029645,0.0834,48,1,0-6,winter,No,
American Kestrel,single-season,winter,0.09341,0.007969,0.0853,48,1,16-19,summer,No,overwintering
Merlin,single-season,winter,0.036664,0.000671,0.0183,48,1,18-21,summer,No,overwintering
Peregrine Falcon,resident,year-round,0.019192,0.0015,0.0782,48,0,,,No,seasonal_variation|min_max_near_boundary
Olive-sided Flycatcher,two-passage-migrant,two-passage,0.032323,0.0,0.0,12,2,20-28;35-18,summer|winter,No,classic_bimodal|low_presence
Eastern Wood-Pewee,single-season,summer,0.347334,0.0,0.0,24,1,35-16,winter,No,
Yellow-bellied Flycatcher,two-passage-migrant,two-passage,0.02013,0.0,0.0,13,2,20-29;35-17,summer|winter,No,classic_bimodal|low_presence
Acadian Flycatcher,single-season,summer,0.048941,0.0,0.0,16,1,29-17,winter,No,
Alder Flycatcher,two-passage-migrant,two-passage,0.036158,0.0,0.0,14,2,24-28;30-17,summer|winter,No,classic_bimodal|low_presence
Willow Flycatcher,single-season,summer,0.101899,0.0,0.0,18,1,31-17,winter,No,
Least Flycatcher,two-passage-migrant,two-passage,0.109413,0.0,0.0,23,2,20-28;35-15,summer|winter,No,classic_bimodal
Eastern Phoebe,single-season,summer,0.23835,0.0,0.0,36,1,39-10,winter,No,
Great Crested Flycatcher,single-season,summer,0.308985,0.0,0.0,20,1,32-15,winter,No,
Eastern Kingbird,single-season,summer,0.239226,0.0,0.0,21,1,32-15,winter,No,
Scissor-tailed Flycatcher,vagrant,irregular,0.041642,0.0,0.0,1,1,38-36,winter,No,low_annual_presence
White-eyed Vireo,vagrant,irregular,0.009117,0.0,0.0,7,1,19-15,winter,No,
Yellow-throated Vireo,two-passage-migrant,two-passage,0.069121,0.0,0.0,22,2,26-30;35-15,summer|winter,No,classic_bimodal
Blue-headed Vireo,two-passage-migrant,two-passage,0.049014,0.0,0.0,22,2,20-32;38-14,summer|winter,No,classic_bimodal
Philadelphia Vireo,two-passage-migrant,two-passage,0.030506,0.0,0.0,12,2,20-30;37-16,summer|winter,No,classic_bimodal|low_presence
Eastern Warbling Vireo,single-season,summer,0.318166,0.0,0.0,21,1,34-15,winter,No,
Red-eyed Vireo,single-season,summer,0.313733,0.0,0.0,23,1,36-16,winter,No,
Loggerhead Shrike,vagrant,irregular,0.00155,0.0,0.0,3,1,0-47,winter,No,low_peak_frequency|low_annual_presence
Northern Shrike,single-season,winter,0.014512,0.0,0.0,25,1,11-39,summer,Yes,overwintering
Blue Jay,resident,year-round,0.701136,0.288288,0.4112,48,0,,,No,seasonal_variation
American Crow,resident,year-round,0.444922,0.301422,0.6775,48,0,,,No,
Fish Crow,vagrant,irregular,0.0015,0.0,0.0,3,1,0-47,winter,No,low_peak_frequency|low_annual_presence
Common Raven,single-season,winter,0.023501,0.000839,0.0357,48,2,24-28;30-35,summer|summer,No,overwintering|two_summer_valleys_merged
Black-capped Chickadee,resident,year-round,0.501494,0.281199,0.5607,48,0,,,No,
Tufted Titmouse,resident,year-round,0.398244,0.216516,0.5437,48,0,,,No,
Horned Lark,resident,year-round,0.08782,0.008326,0.0948,48,0,,,No,seasonal_variation|min_max_near_boundary
Bank Swallow,single-season,summer,0.109953,0.0,0.0,20,1,32-15,winter,No,
Tree Swallow,single-season,summer,0.302422,0.0,0.0,31,1,32-10,winter,No,
Purple Martin,single-season,summer,0.170507,0.0,0.0,23,1,31-13,winter,No,
Northern Rough-winged Swallow,single-season,summer,0.068182,0.0,0.0,24,1,30-12,winter,No,
Barn Swallow,single-season,summer,0.395559,0.0,0.0,28,1,33-13,winter,No,
Cliff Swallow,single-season,summer,0.012743,0.0,0.0,19,1,31-15,winter,No,
Cave Swallow,vagrant,irregular,0.000839,0.0,0.0,1,1,0-47,winter,No,low_peak_frequency|low_annual_presence
Ruby-crowned Kinglet,two-passage-migrant,two-passage,0.313016,0.0,0.0,30,2,18-34;40-12,summer|winter,Yes,classic_bimodal
Golden-crowned Kinglet,two-passage-migrant,two-passage,0.254011,0.0,0.0,34,2,0-10;16-34,winter|summer,Yes,classic_bimodal
White-breasted Nuthatch,resident,year-round,0.334728,0.132901,0.397,48,0,,,No,seasonal_variation
Red-breasted Nuthatch,resident,year-round,0.206814,0.020853,0.1008,48,0,,,No,seasonal_variation|min_max_near_boundary
Brown Creeper,two-passage-migrant,two-passage,0.222689,0.001704,0.0077,48,2,4-9;17-34,winter|summer,No,classic_bimodal
Blue-gray Gnatcatcher,two-passage-migrant,two-passage,0.195884,0.0,0.0,25,2,25-28;34-14,summer|winter,No,classic_bimodal
Northern House Wren,single-season,summer,0.30935,0.0,0.0,28,1,37-14,winter,No,
Winter Wren,two-passage-migrant,two-passage,0.062449,0.0,0.0,39,2,4-10;16-34,winter|summer,Yes,classic_bimodal
Sedge Wren,single-season,summer,0.031261,0.0,0.0,25,1,31-14,winter,No,
Marsh Wren,single-season,summer,0.09029,0.0,0.0,34,1,37-14,winter,No,
Carolina Wren,resident,year-round,0.036461,0.011261,0.3089,48,0,,,No,seasonal_variation
European Starling,resident,year-round,0.332073,0.128205,0.3861,48,0,,,No,seasonal_variation
Gray Catbird,single-season,summer,0.472734,0.0,0.0,39,1,38-15,winter,No,
Brown Thrasher,single-season,summer,0.107696,0.0,0.0,33,1,37-12,winter,No,
Northern Mockingbird,two-passage-migrant,two-passage,0.011137,0.0,0.0,31,2,1-4;8-42,winter|summer,Yes,classic_bimodal
Eastern Bluebird,resident,year-round,0.178899,0.041302,0.2309,48,0,,,No,seasonal_variation
Townsend's Solitaire,vagrant,irregular,0.012825,0.0,0.0,7,1,1-47,winter,No,low_annual_presence
Varied Thrush,vagrant,irregular,0.026316,0.0,0.0,9,1,12-9,summer,No,low_annual_presence
Veery,two-passage-migrant,two-passage,0.064953,0.0,0.0,21,2,27-31;33-15,summer|winter,No,classic_bimodal
Gray-cheeked Thrush,two-passage-migrant,two-passage,0.033345,0.0,0.0,14,2,20-31;37-15,summer|winter,No,classic_bimodal|low_presence
Swainson's Thrush,two-passage-migrant,two-passage,0.167505,0.0,0.0,16,2,20-31;37-15,summer|winter,No,classic_bimodal
Hermit Thrush,two-passage-migrant,two-passage,0.115355,0.0,0.0,34,2,18-35;41-11,summer|winter,Yes,classic_bimodal
Wood Thrush,single-season,summer,0.142063,0.0,0.0,23,1,27-15,winter,No,
American Robin,single-season,summer,0.755615,0.06213,0.0822,48,1,43-3,winter,No,
Bohemian Waxwing,vagrant,irregular,0.001949,0.0,0.0,14,1,0-47,winter,No,low_peak_frequency|low_presence|low_annual_presence
Cedar Waxwing,single-season,summer,0.317278,0.015041,0.0474,48,1,40-16,winter,No,
House Sparrow,resident,year-round,0.427488,0.205047,0.4797,48,0,,,No,seasonal_variation
Eurasian Tree Sparrow,vagrant,irregular,0.001294,0.0,0.0,1,1,0-47,winter,No,low_peak_frequency|low_annual_presence
American Pipit,single-season,summer,0.069376,0.0,0.0,21,1,43-32,winter,No,
Evening Grosbeak,single-season,summer,0.018423,0.0,0.0,15,1,42-38,winter,No,
Pine Grosbeak,vagrant,irregular,0.0015,0.0,0.0,2,1,0-47,winter,No,low_peak_frequency|low_annual_presence
House Finch,resident,year-round,0.326235,0.19406,0.5948,48,0,,,No,
Purple Finch,two-passage-migrant,two-passage,0.079179,0.0,0.0,39,2,0-11;17-31,winter|summer,Yes,classic_bimodal
Redpoll,vagrant,irregular,0.047436,0.0,0.0,25,1,13-41,summer,Yes,overwintering|low_annual_presence
Red Crossbill,vagrant,irregular,0.00194,0.0,0.0,11,1,0-47,winter,No,low_peak_frequency|low_presence
White-winged Crossbill,single-season,summer,0.009056,0.0,0.0,24,1,44-42,winter,No,
Pine Siskin,single-season,winter,0.056863,0.0,0.0,43,1,20-35,summer,No,overwintering
American Goldfinch,resident,year-round,0.534483,0.164808,0.3084,48,0,,,No,seasonal_variation
Lapland Longspur,single-season,winter,0.018614,0.0,0.0,28,1,10-36,summer,Yes,overwintering
Snow Bunting,single-season,winter,0.068533,0.0,0.0,25,1,8-38,summer,Yes,overwintering
Grasshopper Sparrow,single-season,summer,0.019104,0.0,0.0,15,1,27-16,winter,No,
Chipping Sparrow,single-season,summer,0.302422,0.0,0.0,39,1,38-12,winter,No,
Clay-colored Sparrow,two-passage-migrant,two-passage,0.007645,0.0,0.0,15,2,17-22;24-15,summer|winter,No,classic_bimodal
Field Sparrow,single-season,summer,0.088331,0.0,0.0,38,1,40-11,winter,No,
Lark Sparrow,vagrant,irregular,0.002656,0.0,0.0,3,1,0-47,winter,No,low_peak_frequency|low_annual_presence
American Tree Sparrow,single-season,winter,0.211132,0.0,0.0,30,1,16-38,summer,Yes,overwintering
Fox Sparrow,two-passage-migrant,two-passage,0.098235,0.0,0.0,33,2,0-8;15-36,winter|summer,Yes,classic_bimodal
Dark-eyed Junco,single-season,winter,0.423729,0.0,0.0,35,1,16-35,summer,Yes,overwintering
White-crowned Sparrow,two-passage-migrant,two-passage,0.375367,0.0,0.0,34,2,19-34;42-15,summer|winter,Yes,classic_bimodal
Harris's Sparrow,vagrant,irregular,0.003386,0.0,0.0,6,1,0-47,winter,No,low_peak_frequency|low_annual_presence
White-throated Sparrow,two-passage-migrant,two-passage,0.380645,0.0,0.0,38,2,18-33;42-13,summer|winter,Yes,classic_bimodal
Vesper Sparrow,two-passage-migrant,two-passage,0.041329,0.0,0.0,30,2,29-35;39-12,summer|winter,No,classic_bimodal
LeConte's Sparrow,vagrant,irregular,0.004205,0.0,0.0,4,1,0-47,winter,No,low_peak_frequency|low_annual_presence
Nelson's Sparrow,vagrant,irregular,0.000701,0.0,0.0,1,1,0-47,winter,No,low_peak_frequency|low_annual_presence
Savannah Sparrow,single-season,summer,0.076384,0.0,0.0,30,1,39-13,winter,No,
Henslow's Sparrow,vagrant,irregular,0.002557,0.0,0.0,7,1,0-47,winter,No,low_peak_frequency|low_annual_presence
Song Sparrow,single-season,summer,0.547364,0.054464,0.0995,48,1,0-6,winter,No,
Lincoln's Sparrow,two-passage-migrant,two-passage,0.093202,0.0,0.0,17,2,19-32;40-15,summer|winter,No,classic_bimodal
Swamp Sparrow,two-passage-migrant,two-passage,0.228966,0.001379,0.006,48,2,30-33;40-11,summer|winter,No,classic_bimodal
Green-tailed Towhee,vagrant,irregular,0.0015,0.0,0.0,1,1,0-47,winter,No,low_peak_frequency|low_annual_presence
Spotted Towhee,vagrant,irregular,0.001678,0.0,0.0,2,1,0-47,winter,No,low_peak_frequency|low_annual_presence
Eastern Towhee,single-season,summer,0.109246,0.0,0.0,47,1,39-11,winter,No,
Yellow-breasted Chat,vagrant,irregular,0.006209,0.0,0.0,3,1,20-18,winter,No,low_annual_presence
Yellow-headed Blackbird,vagrant,irregular,0.00416,0.0,0.0,11,1,0-47,winter,No,low_peak_frequency|low_presence
Bobolink,single-season,summer,0.038088,0.0,0.0,21,1,31-15,winter,No,
Western Meadowlark,vagrant,irregular,0.01448,0.0,0.0,5,1,26-24,winter,No,low_annual_presence
Eastern Meadowlark,two-passage-migrant,two-passage,0.060778,0.0,0.0,39,2,29-35;37-8,summer|winter,No,classic_bimodal
Orchard Oriole,single-season,summer,0.048628,0.0,0.0,17,1,31-15,winter,No,
Baltimore Oriole,single-season,summer,0.550538,0.0,0.0,26,1,32-15,winter,No,
Red-winged Blackbird,single-season,summer,0.670454,0.002941,0.0044,48,1,41-6,winter,No,
Brown-headed Cowbird,single-season,summer,0.395676,0.00052,0.0013,48,1,31-9,winter,No,
Rusty Blackbird,two-passage-migrant,two-passage,0.063789,0.0,0.0,29,2,17-35;42-9,summer|winter,No,classic_bimodal
Brewer's Blackbird,single-season,summer,0.021212,0.0,0.0,29,1,35-14,winter,No,
Common Grackle,single-season,summer,0.373014,0.0,0.0,43,1,40-7,winter,No,
Ovenbird,two-passage-migrant,two-passage,0.093697,0.0,0.0,24,2,26-30;36-15,summer|winter,No,classic_bimodal
Louisiana Waterthrush,single-season,summer,0.013806,0.0,0.0,13,1,22-14,winter,No,low_presence
Northern Waterthrush,two-passage-migrant,two-passage,0.088626,0.0,0.0,17,2,19-30;38-14,summer|winter,No,classic_bimodal
Golden-winged Warbler,two-passage-migrant,two-passage,0.014489,0.0,0.0,10,2,19-30;33-15,summer|winter,No,classic_bimodal|low_presence
Blue-winged Warbler,two-passage-migrant,two-passage,0.041294,0.0,0.0,21,2,24-29;34-15,summer|winter,No,classic_bimodal
Black-and-white Warbler,two-passage-migrant,two-passage,0.150688,0.0,0.0,23,2,20-29;36-15,summer|winter,No,classic_bimodal
Prothonotary Warbler,single-season,summer,0.035427,0.0,0.0,18,1,24-15,winter,No,
Tennessee Warbler,two-passage-migrant,two-passage,0.180618,0.0,0.0,20,2,20-29;37-16,summer|winter,No,classic_bimodal
Orange-crowned Warbler,two-passage-migrant,two-passage,0.052786,0.0,0.0,17,2,19-33;40-14,summer|winter,No,classic_bimodal
Nashville Warbler,two-passage-migrant,two-passage,0.197848,0.0,0.0,22,2,19-30;38-15,summer|winter,No,classic_bimodal
Connecticut Warbler,vagrant,irregular,0.005557,0.0,0.0,6,1,20-17,winter,No,
Mourning Warbler,two-passage-migrant,two-passage,0.021883,0.0,0.0,11,2,20-29;35-16,summer|winter,No,classic_bimodal|low_presence
Kentucky Warbler,vagrant,irregular,0.011201,0.0,0.0,3,1,17-15,winter,No,low_annual_presence
Common Yellowthroat,single-season,summer,0.360542,0.0,0.0,31,1,37-15,winter,No,
Hooded Warbler,two-passage-migrant,two-passage,0.028123,0.0,0.0,22,2,27-30;34-16,summer|winter,No,classic_bimodal
American Redstart,two-passage-migrant,two-passage,0.33206,0.0,0.0,24,2,24-29;36-15,summer|winter,No,classic_bimodal
Kirtland's Warbler,vagrant,irregular,0.002415,0.0,0.0,1,1,0-47,winter,No,low_peak_frequency|low_annual_presence
Cape May Warbler,two-passage-migrant,two-passage,0.058701,0.0,0.0,16,2,19-29;36-15,summer|winter,No,classic_bimodal
Cerulean Warbler,vagrant,irregular,0.009377,0.0,0.0,7,1,20-15,winter,No,
Northern Parula,two-passage-migrant,two-passage,0.072929,0.0,0.0,15,2,19-31;37-15,summer|winter,No,classic_bimodal
Magnolia Warbler,two-passage-migrant,two-passage,0.1438,0.0,0.0,22,2,20-30;37-16,summer|winter,No,classic_bimodal
Bay-breasted Warbler,two-passage-migrant,two-passage,0.089286,0.0,0.0,13,2,20-29;37-16,summer|winter,No,classic_bimodal|low_presence
Blackburnian Warbler,two-passage-migrant,two-passage,0.079194,0.0,0.0,19,2,21-29;36-15,summer|winter,No,classic_bimodal
Northern Yellow Warbler,single-season,summer,0.449809,0.0,0.0,24,1,30-14,winter,No,
Chestnut-sided Warbler,two-passage-migrant,two-passage,0.119139,0.0,0.0,23,2,23-29;36-16,summer|winter,No,classic_bimodal
Blackpoll Warbler,two-passage-migrant,two-passage,0.143453,0.0,0.0,14,2,20-31;36-16,summer|winter,No,classic_bimodal|low_presence
Black-throated Blue Warbler,two-passage-migrant,two-passage,0.036465,0.0,0.0,19,2,19-30;37-15,summer|winter,No,classic_bimodal
Palm Warbler,two-passage-migrant,two-passage,0.278197,0.0,0.0,19,2,19-33;39-14,summer|winter,No,classic_bimodal
Pine Warbler,single-season,summer,0.045381,0.0,0.0,42,1,37-12,winter,No,
Yellow-rumped Warbler,two-passage-migrant,two-passage,0.432845,0.0,0.0,40,2,19-33;41-11,summer|winter,Yes,classic_bimodal
Yellow-throated Warbler,vagrant,irregular,0.003616,0.0,0.0,4,1,0-47,winter,No,low_peak_frequency|low_annual_presence
Prairie Warbler,vagrant,irregular,0.01094,0.0,0.0,9,1,17-15,winter,No,
Black-throated Gray Warbler,vagrant,irregular,0.074487,0.0,0.0,2,1,38-36,winter,No,low_annual_presence
Black-throated Green Warbler,two-passage-migrant,two-passage,0.117155,0.0,0.0,23,2,25-30;37-15,summer|winter,No,classic_bimodal
Canada Warbler,two-passage-migrant,two-passage,0.049323,0.0,0.0,14,2,20-29;34-16,summer|winter,No,classic_bimodal|low_presence
Wilson's Warbler,two-passage-migrant,two-passage,0.08753,0.0,0.0,13,2,20-30;37-16,summer|winter,No,classic_bimodal|low_presence
Summer Tanager,vagrant,irregular,0.004931,0.0,0.0,11,1,0-47,winter,No,low_peak_frequency|low_presence
Scarlet Tanager,two-passage-migrant,two-passage,0.163251,0.0,0.0,25,2,28-32;35-15,summer|winter,No,classic_bimodal
Western Tanager,vagrant,irregular,0.02165,0.0,0.0,4,1,41-38,winter,No,
Northern Cardinal,resident,year-round,0.666059,0.303071,0.455,48,0,,,No,seasonal_variation
Rose-breasted Grosbeak,single-season,summer,0.409321,0.0,0.0,27,1,36-15,winter,No,
Blue Grosbeak,vagrant,irregular,0.040519,0.0,0.0,6,1,24-21,winter,No,low_annual_presence
Indigo Bunting,single-season,summer,0.195033,0.0,0.0,26,1,36-15,winter,No,
Painted Bunting,vagrant,irregular,0.0015,0.0,0.0,1,1,0-47,winter,No,low_peak_frequency|low_annual_presence
Dickcissel,single-season,summer,0.02939,0.0,0.0,14,1,27-19,winter,No,low_presence
